-- phpMyAdmin SQL Dump
-- version 5.2.1
-- https://www.phpmyadmin.net/
--
-- Host: 127.0.0.1
-- Generation Time: Jan 08, 2025 at 06:15 AM
-- Server version: 10.4.28-MariaDB
-- PHP Version: 8.2.4

SET SQL_MODE = "NO_AUTO_VALUE_ON_ZERO";
START TRANSACTION;
SET time_zone = "+00:00";


/*!40101 SET @OLD_CHARACTER_SET_CLIENT=@@CHARACTER_SET_CLIENT */;
/*!40101 SET @OLD_CHARACTER_SET_RESULTS=@@CHARACTER_SET_RESULTS */;
/*!40101 SET @OLD_COLLATION_CONNECTION=@@COLLATION_CONNECTION */;
/*!40101 SET NAMES utf8mb4 */;

--
-- Database: `qosa-iriga`
--

-- --------------------------------------------------------

--
-- Table structure for table `admins`
--

CREATE TABLE `admins` (
  `id` tinyint(3) UNSIGNED NOT NULL,
  `number` tinyint(3) UNSIGNED NOT NULL,
  `name` varchar(255) NOT NULL,
  `avatar` varchar(255) NOT NULL,
  `username` varchar(255) NOT NULL,
  `password` varchar(255) NOT NULL,
  `active_portion` varchar(255) DEFAULT NULL,
  `called_at` timestamp NULL DEFAULT NULL,
  `pinged_at` timestamp NULL DEFAULT NULL,
  `created_at` timestamp NOT NULL DEFAULT current_timestamp(),
  `updated_at` timestamp NOT NULL DEFAULT current_timestamp() ON UPDATE current_timestamp()
) ENGINE=InnoDB DEFAULT CHARSET=utf8mb4 COLLATE=utf8mb4_general_ci;

--
-- Dumping data for table `admins`
--

INSERT INTO `admins` (`id`, `number`, `name`, `avatar`, `username`, `password`, `active_portion`, `called_at`, `pinged_at`, `created_at`, `updated_at`) VALUES
(1, 1, 'DEVELOPMENT', 'no-avatar.jpg', 'admin', 'admin', NULL, NULL, '2025-01-08 04:39:18', '2023-02-19 07:36:32', '2025-01-08 04:39:18');

-- --------------------------------------------------------

--
-- Table structure for table `arrangements`
--

CREATE TABLE `arrangements` (
  `id` smallint(5) UNSIGNED NOT NULL,
  `event_id` smallint(5) UNSIGNED NOT NULL,
  `team_id` tinyint(3) UNSIGNED NOT NULL,
  `order` tinyint(3) UNSIGNED NOT NULL,
  `created_at` timestamp NOT NULL DEFAULT current_timestamp(),
  `updated_at` timestamp NOT NULL DEFAULT current_timestamp() ON UPDATE current_timestamp()
) ENGINE=InnoDB DEFAULT CHARSET=utf8mb4 COLLATE=utf8mb4_general_ci;

-- --------------------------------------------------------

--
-- Table structure for table `categories`
--

CREATE TABLE `categories` (
  `id` tinyint(3) UNSIGNED NOT NULL,
  `competition_id` tinyint(3) UNSIGNED NOT NULL,
  `slug` varchar(32) NOT NULL,
  `title` varchar(255) NOT NULL,
  `created_at` timestamp NOT NULL DEFAULT current_timestamp(),
  `updated_at` timestamp NOT NULL DEFAULT current_timestamp() ON UPDATE current_timestamp()
) ENGINE=InnoDB DEFAULT CHARSET=utf8mb4 COLLATE=utf8mb4_general_ci;

--
-- Dumping data for table `categories`
--

INSERT INTO `categories` (`id`, `competition_id`, `slug`, `title`, `created_at`, `updated_at`) VALUES
(1, 1, 'pageant-night', 'Pageant Night', '2023-04-06 13:25:10', '2023-04-06 13:25:10');

-- --------------------------------------------------------

--
-- Table structure for table `competitions`
--

CREATE TABLE `competitions` (
  `id` tinyint(3) UNSIGNED NOT NULL,
  `slug` varchar(32) NOT NULL,
  `title` varchar(255) NOT NULL,
  `created_at` timestamp NOT NULL DEFAULT current_timestamp(),
  `updated_at` timestamp NOT NULL DEFAULT current_timestamp() ON UPDATE current_timestamp()
) ENGINE=InnoDB DEFAULT CHARSET=utf8mb4 COLLATE=utf8mb4_general_ci;

--
-- Dumping data for table `competitions`
--

INSERT INTO `competitions` (`id`, `slug`, `title`, `created_at`, `updated_at`) VALUES
(1, 'qosa-iriga-2025', 'Queen of San Antonio 2025', '2023-04-06 13:24:04', '2025-01-07 15:27:09');

-- --------------------------------------------------------

--
-- Table structure for table `criteria`
--

CREATE TABLE `criteria` (
  `id` smallint(5) UNSIGNED NOT NULL,
  `event_id` smallint(5) UNSIGNED NOT NULL,
  `title` varchar(255) NOT NULL,
  `percentage` float UNSIGNED NOT NULL,
  `created_at` timestamp NOT NULL DEFAULT current_timestamp(),
  `updated_at` timestamp NOT NULL DEFAULT current_timestamp() ON UPDATE current_timestamp()
) ENGINE=InnoDB DEFAULT CHARSET=utf8mb4 COLLATE=utf8mb4_general_ci;

--
-- Dumping data for table `criteria`
--

INSERT INTO `criteria` (`id`, `event_id`, `title`, `percentage`, `created_at`, `updated_at`) VALUES
(1, 1, 'Craftmanship', 30, '2023-04-06 13:30:46', '2025-01-07 15:30:34'),
(2, 1, 'Over-all design', 30, '2023-04-06 13:30:54', '2025-01-07 15:30:53'),
(3, 1, 'Stage Presence', 30, '2023-04-06 13:31:05', '2023-04-06 13:31:05'),
(4, 1, 'Over-all Impact', 10, '2023-04-06 13:31:15', '2023-04-06 13:31:15'),
(5, 2, 'Beauty of the Face', 30, '2023-04-06 13:31:43', '2023-04-06 13:31:43'),
(6, 2, 'Mastery', 30, '2023-04-06 13:31:54', '2025-01-07 15:31:15'),
(7, 2, 'Stage Presence', 30, '2023-04-06 13:32:04', '2023-04-06 13:32:04'),
(8, 2, 'Over-all Impact', 10, '2023-04-06 13:32:13', '2023-04-06 13:32:13'),
(9, 3, 'Beauty of the Face', 30, '2023-04-06 13:32:33', '2023-04-06 13:32:33'),
(10, 3, 'Body Proportion', 30, '2023-04-06 13:32:45', '2025-01-07 15:31:42'),
(11, 3, 'Stage Presence', 30, '2023-04-06 13:35:25', '2025-01-07 15:32:06'),
(12, 3, 'Over-all Impact', 10, '2023-04-06 13:36:18', '2023-04-06 13:36:18'),
(13, 4, 'Beauty of the Face', 30, '2023-04-06 13:36:49', '2023-04-06 13:36:49'),
(14, 4, 'Poise and Bearing', 30, '2023-04-06 13:37:01', '2023-04-06 13:37:01'),
(15, 4, 'Stage Presence', 30, '2023-04-06 13:37:10', '2025-01-07 15:32:29'),
(16, 4, 'Over-all Impact', 10, '2023-04-06 13:37:19', '2023-04-06 13:37:19'),
(17, 5, 'Beauty of the Face', 30, '2023-04-06 13:37:34', '2025-01-07 15:32:51'),
(18, 5, 'Content of the Answer', 30, '2023-04-06 13:37:45', '2025-01-07 15:33:06'),
(19, 5, 'Delivery', 30, '2023-04-06 13:37:56', '2025-01-07 15:33:17'),
(20, 5, 'Over-all Impact', 10, '2025-01-07 15:33:34', '2025-01-07 15:33:34'),
(21, 6, 'Intelligence (Content of the Answer and Delivery)', 50, '2025-01-07 15:34:34', '2025-01-07 15:34:34'),
(22, 6, 'Beauty of the Face and Body Proportion', 25, '2025-01-07 15:34:54', '2025-01-07 15:34:54'),
(23, 6, 'Stage Presence', 25, '2025-01-07 15:35:14', '2025-01-07 15:35:14');

-- --------------------------------------------------------

--
-- Table structure for table `deductions`
--

CREATE TABLE `deductions` (
  `id` mediumint(8) UNSIGNED NOT NULL,
  `technical_id` tinyint(3) UNSIGNED NOT NULL,
  `event_id` smallint(5) UNSIGNED NOT NULL,
  `team_id` tinyint(3) UNSIGNED NOT NULL,
  `value` float UNSIGNED NOT NULL DEFAULT 0,
  `is_locked` tinyint(1) NOT NULL DEFAULT 0,
  `created_at` timestamp NOT NULL DEFAULT current_timestamp(),
  `updated_at` timestamp NOT NULL DEFAULT current_timestamp() ON UPDATE current_timestamp()
) ENGINE=InnoDB DEFAULT CHARSET=utf8mb4 COLLATE=utf8mb4_general_ci;

-- --------------------------------------------------------

--
-- Table structure for table `eliminations`
--

CREATE TABLE `eliminations` (
  `id` mediumint(9) NOT NULL,
  `event_id` smallint(5) UNSIGNED NOT NULL,
  `team_id` tinyint(3) UNSIGNED NOT NULL,
  `created_at` timestamp NOT NULL DEFAULT current_timestamp(),
  `updated_at` timestamp NOT NULL DEFAULT current_timestamp() ON UPDATE current_timestamp()
) ENGINE=InnoDB DEFAULT CHARSET=utf8mb4 COLLATE=utf8mb4_general_ci;

--
-- Dumping data for table `eliminations`
--

INSERT INTO `eliminations` (`id`, `event_id`, `team_id`, `created_at`, `updated_at`) VALUES
(15, 6, 10, '2025-01-07 15:55:19', '2025-01-07 15:55:19'),
(16, 6, 9, '2025-01-07 15:55:20', '2025-01-07 15:55:20'),
(17, 6, 8, '2025-01-07 15:55:21', '2025-01-07 15:55:21'),
(18, 6, 7, '2025-01-07 15:55:22', '2025-01-07 15:55:22'),
(19, 6, 6, '2025-01-07 15:55:23', '2025-01-07 15:55:23'),
(20, 6, 5, '2025-01-07 15:55:24', '2025-01-07 15:55:24'),
(21, 6, 4, '2025-01-07 15:55:25', '2025-01-07 15:55:25'),
(22, 6, 3, '2025-01-07 15:55:26', '2025-01-07 15:55:26'),
(23, 6, 2, '2025-01-07 15:55:26', '2025-01-07 15:55:26'),
(24, 6, 1, '2025-01-07 15:55:27', '2025-01-07 15:55:27');

-- --------------------------------------------------------

--
-- Table structure for table `events`
--

CREATE TABLE `events` (
  `id` smallint(5) UNSIGNED NOT NULL,
  `category_id` tinyint(3) UNSIGNED NOT NULL,
  `slug` varchar(32) NOT NULL,
  `title` varchar(255) NOT NULL,
  `created_at` timestamp NOT NULL DEFAULT current_timestamp(),
  `updated_at` timestamp NOT NULL DEFAULT current_timestamp() ON UPDATE current_timestamp()
) ENGINE=InnoDB DEFAULT CHARSET=utf8mb4 COLLATE=utf8mb4_general_ci;

--
-- Dumping data for table `events`
--

INSERT INTO `events` (`id`, `category_id`, `slug`, `title`, `created_at`, `updated_at`) VALUES
(1, 1, 'carnival-inspired-attire', 'Carnival Inspired Attire', '2023-04-06 13:25:37', '2025-01-07 15:28:32'),
(2, 1, 'production-performance', 'Production Performance', '2023-04-06 13:26:05', '2025-01-07 15:28:58'),
(3, 1, 'swimwear', 'Swimwear', '2023-04-06 13:26:30', '2025-01-07 15:29:15'),
(4, 1, 'evening-gown', 'Evening Gown', '2023-04-06 13:29:04', '2023-04-06 14:07:48'),
(5, 1, 'preliminary-interview', 'Preliminary Interview', '2023-04-06 13:29:53', '2025-01-07 15:29:41'),
(6, 1, 'final-q-a', 'Final Q&A', '2025-01-07 15:30:08', '2025-01-07 15:30:08');

-- --------------------------------------------------------

--
-- Table structure for table `judges`
--

CREATE TABLE `judges` (
  `id` tinyint(3) UNSIGNED NOT NULL,
  `number` tinyint(3) UNSIGNED NOT NULL,
  `name` varchar(255) NOT NULL,
  `avatar` varchar(255) DEFAULT NULL,
  `username` varchar(255) NOT NULL,
  `password` varchar(255) NOT NULL,
  `active_portion` varchar(255) DEFAULT NULL,
  `called_at` timestamp NULL DEFAULT NULL,
  `pinged_at` timestamp NULL DEFAULT NULL,
  `created_at` timestamp NOT NULL DEFAULT current_timestamp(),
  `updated_at` timestamp NOT NULL DEFAULT current_timestamp() ON UPDATE current_timestamp()
) ENGINE=InnoDB DEFAULT CHARSET=utf8mb4 COLLATE=utf8mb4_general_ci;

--
-- Dumping data for table `judges`
--

INSERT INTO `judges` (`id`, `number`, `name`, `avatar`, `username`, `password`, `active_portion`, `called_at`, `pinged_at`, `created_at`, `updated_at`) VALUES
(1, 1, 'Mr. Kenneth P. Cabarles', 'no-avatar.jpg', 'judge01', 'judge01', NULL, NULL, '2025-01-07 16:12:57', '2023-04-06 13:58:11', '2025-01-08 04:39:28'),
(2, 2, 'Mr. Allan Paul A. Catig', 'no-avatar.jpg', 'judge02', 'judge02', NULL, NULL, NULL, '2023-04-06 13:58:28', '2025-01-07 15:54:25'),
(3, 3, 'Mr. John Robert T. Gabalfin', 'no-avatar.jpg', 'judge03', 'judge03', NULL, NULL, NULL, '2023-04-06 13:58:42', '2025-01-07 15:54:31'),
(4, 4, 'Mr. Justine Paul I. Monedero', 'no-avatar.jpg', 'judge04', 'judge04', NULL, NULL, NULL, '2023-04-06 13:59:26', '2025-01-07 15:54:38'),
(5, 5, 'Mr. Aldrin B. Laynesa', 'no-avatar.jpg', 'judge05', 'judge05', NULL, NULL, NULL, '2023-04-06 14:00:00', '2025-01-07 15:50:53');

-- --------------------------------------------------------

--
-- Table structure for table `judge_event`
--

CREATE TABLE `judge_event` (
  `id` tinyint(3) UNSIGNED NOT NULL,
  `judge_id` tinyint(3) UNSIGNED NOT NULL,
  `event_id` smallint(5) UNSIGNED NOT NULL,
  `is_chairman` tinyint(1) NOT NULL DEFAULT 0,
  `active_team_id` tinyint(3) UNSIGNED NOT NULL,
  `has_active_team` tinyint(1) NOT NULL DEFAULT 0,
  `created_at` timestamp NOT NULL DEFAULT current_timestamp(),
  `updated_at` timestamp NOT NULL DEFAULT current_timestamp() ON UPDATE current_timestamp()
) ENGINE=InnoDB DEFAULT CHARSET=utf8mb4 COLLATE=utf8mb4_general_ci;

--
-- Dumping data for table `judge_event`
--

INSERT INTO `judge_event` (`id`, `judge_id`, `event_id`, `is_chairman`, `active_team_id`, `has_active_team`, `created_at`, `updated_at`) VALUES
(1, 1, 1, 0, 1, 0, '2023-04-06 14:00:46', '2024-04-22 10:21:17'),
(2, 1, 2, 0, 1, 0, '2023-04-06 14:00:48', '2024-04-22 10:21:17'),
(3, 1, 3, 0, 1, 0, '2023-04-06 14:00:51', '2024-04-22 10:21:17'),
(4, 1, 4, 0, 1, 0, '2023-04-06 14:00:53', '2024-04-22 10:21:17'),
(5, 1, 5, 0, 1, 0, '2023-04-06 14:00:55', '2024-04-22 10:21:17'),
(6, 2, 1, 0, 1, 0, '2023-04-06 14:01:01', '2024-04-22 10:21:17'),
(7, 2, 2, 0, 1, 0, '2023-04-06 14:01:03', '2024-04-22 10:21:17'),
(8, 2, 3, 0, 1, 0, '2023-04-06 14:01:06', '2024-04-22 10:21:17'),
(9, 2, 4, 0, 1, 0, '2023-04-06 14:01:08', '2024-04-22 10:21:17'),
(10, 2, 5, 0, 1, 0, '2023-04-06 14:01:10', '2024-04-22 10:21:17'),
(11, 3, 1, 0, 1, 0, '2023-04-06 14:01:14', '2024-04-22 10:21:17'),
(12, 3, 2, 0, 1, 0, '2023-04-06 14:01:16', '2024-04-22 10:21:17'),
(13, 3, 3, 0, 1, 0, '2023-04-06 14:01:19', '2024-04-22 10:21:17'),
(14, 3, 4, 0, 1, 0, '2023-04-06 14:01:21', '2024-04-22 10:21:17'),
(15, 3, 5, 0, 1, 0, '2023-04-06 14:01:23', '2024-04-22 10:21:17'),
(16, 4, 1, 0, 1, 0, '2023-04-06 14:01:28', '2024-04-22 10:21:17'),
(17, 4, 2, 0, 1, 0, '2023-04-06 14:01:30', '2024-04-22 10:21:17'),
(18, 4, 3, 0, 1, 0, '2023-04-06 14:01:33', '2024-04-22 10:21:17'),
(19, 4, 4, 0, 1, 0, '2023-04-06 14:01:36', '2024-04-22 10:21:17'),
(20, 4, 5, 0, 1, 0, '2023-04-06 14:01:38', '2024-04-22 10:21:17'),
(21, 5, 1, 1, 1, 0, '2023-04-06 14:01:42', '2025-01-07 15:53:22'),
(22, 5, 2, 1, 1, 0, '2023-04-06 14:01:45', '2025-01-07 15:53:23'),
(23, 5, 3, 1, 1, 0, '2023-04-06 14:01:47', '2025-01-07 15:53:25'),
(24, 5, 4, 1, 1, 0, '2023-04-06 14:01:49', '2025-01-07 15:53:28'),
(25, 5, 5, 1, 1, 0, '2023-04-06 14:01:52', '2025-01-07 15:53:29'),
(26, 1, 6, 0, 1, 0, '2025-01-07 15:52:44', '2025-01-07 15:52:44'),
(27, 2, 6, 0, 1, 0, '2025-01-07 15:52:53', '2025-01-07 15:52:53'),
(28, 3, 6, 0, 1, 0, '2025-01-07 15:53:00', '2025-01-07 15:53:00'),
(29, 4, 6, 0, 1, 0, '2025-01-07 15:53:08', '2025-01-07 15:53:08'),
(30, 5, 6, 1, 1, 0, '2025-01-07 15:53:19', '2025-01-07 15:53:32');

-- --------------------------------------------------------

--
-- Table structure for table `noshows`
--

CREATE TABLE `noshows` (
  `id` smallint(5) UNSIGNED NOT NULL,
  `event_id` smallint(5) UNSIGNED NOT NULL,
  `team_id` tinyint(3) UNSIGNED NOT NULL,
  `created_at` timestamp NOT NULL DEFAULT current_timestamp(),
  `updated_at` timestamp NOT NULL DEFAULT current_timestamp() ON UPDATE current_timestamp()
) ENGINE=InnoDB DEFAULT CHARSET=utf8mb4 COLLATE=utf8mb4_general_ci;

-- --------------------------------------------------------

--
-- Table structure for table `participants`
--

CREATE TABLE `participants` (
  `id` smallint(5) UNSIGNED NOT NULL,
  `team_id` tinyint(3) UNSIGNED NOT NULL,
  `event_id` smallint(5) UNSIGNED NOT NULL,
  `number` smallint(5) UNSIGNED NOT NULL,
  `first_name` varchar(255) NOT NULL,
  `middle_name` varchar(255) DEFAULT NULL,
  `last_name` varchar(255) NOT NULL,
  `gender` enum('male','female') NOT NULL,
  `avatar` varchar(255) DEFAULT NULL,
  `created_at` timestamp NOT NULL DEFAULT current_timestamp(),
  `updated_at` timestamp NOT NULL DEFAULT current_timestamp() ON UPDATE current_timestamp()
) ENGINE=InnoDB DEFAULT CHARSET=utf8mb4 COLLATE=utf8mb4_general_ci;

-- --------------------------------------------------------

--
-- Table structure for table `points`
--

CREATE TABLE `points` (
  `id` smallint(5) UNSIGNED NOT NULL,
  `event_id` smallint(5) UNSIGNED NOT NULL,
  `rank` tinyint(3) UNSIGNED NOT NULL,
  `value` float UNSIGNED NOT NULL,
  `created_at` timestamp NOT NULL DEFAULT current_timestamp(),
  `updated_at` timestamp NOT NULL DEFAULT current_timestamp() ON UPDATE current_timestamp()
) ENGINE=InnoDB DEFAULT CHARSET=utf8mb4 COLLATE=utf8mb4_general_ci;

-- --------------------------------------------------------

--
-- Table structure for table `ratings`
--

CREATE TABLE `ratings` (
  `id` mediumint(8) UNSIGNED NOT NULL,
  `judge_id` tinyint(3) UNSIGNED NOT NULL,
  `criteria_id` smallint(5) UNSIGNED NOT NULL,
  `team_id` tinyint(3) UNSIGNED NOT NULL,
  `value` float UNSIGNED NOT NULL DEFAULT 0,
  `is_locked` tinyint(1) NOT NULL DEFAULT 0,
  `created_at` timestamp NOT NULL DEFAULT current_timestamp(),
  `updated_at` timestamp NOT NULL DEFAULT current_timestamp() ON UPDATE current_timestamp()
) ENGINE=InnoDB DEFAULT CHARSET=utf8mb4 COLLATE=utf8mb4_general_ci;

--
-- Dumping data for table `ratings`
--

INSERT INTO `ratings` (`id`, `judge_id`, `criteria_id`, `team_id`, `value`, `is_locked`, `created_at`, `updated_at`) VALUES
(1, 1, 1, 1, 0, 0, '2025-01-07 15:18:51', '2025-01-07 16:08:00'),
(2, 1, 2, 1, 0, 0, '2025-01-07 15:18:51', '2025-01-07 16:07:58'),
(3, 1, 3, 1, 0, 0, '2025-01-07 15:18:51', '2025-01-07 16:07:57'),
(4, 1, 4, 1, 0, 0, '2025-01-07 15:18:51', '2025-01-07 16:07:56'),
(5, 1, 1, 2, 0, 0, '2025-01-07 15:18:51', '2025-01-07 15:18:51'),
(6, 1, 2, 2, 0, 0, '2025-01-07 15:18:51', '2025-01-07 15:18:51'),
(7, 1, 3, 2, 0, 0, '2025-01-07 15:18:51', '2025-01-07 15:18:51'),
(8, 1, 4, 2, 0, 0, '2025-01-07 15:18:51', '2025-01-07 15:18:51'),
(9, 1, 1, 3, 0, 0, '2025-01-07 15:18:51', '2025-01-07 15:18:51'),
(10, 1, 2, 3, 0, 0, '2025-01-07 15:18:51', '2025-01-07 15:18:51'),
(11, 1, 3, 3, 0, 0, '2025-01-07 15:18:51', '2025-01-07 15:18:51'),
(12, 1, 4, 3, 0, 0, '2025-01-07 15:18:51', '2025-01-07 15:18:51'),
(13, 1, 1, 4, 0, 0, '2025-01-07 15:18:51', '2025-01-07 15:18:51'),
(14, 1, 2, 4, 0, 0, '2025-01-07 15:18:51', '2025-01-07 15:18:51'),
(15, 1, 3, 4, 0, 0, '2025-01-07 15:18:51', '2025-01-07 15:18:51'),
(16, 1, 4, 4, 0, 0, '2025-01-07 15:18:51', '2025-01-07 15:18:51'),
(17, 1, 1, 5, 0, 0, '2025-01-07 15:18:51', '2025-01-07 15:18:51'),
(18, 1, 2, 5, 0, 0, '2025-01-07 15:18:51', '2025-01-07 15:18:51'),
(19, 1, 3, 5, 0, 0, '2025-01-07 15:18:51', '2025-01-07 15:18:51'),
(20, 1, 4, 5, 0, 0, '2025-01-07 15:18:51', '2025-01-07 15:18:51'),
(21, 1, 1, 6, 0, 0, '2025-01-07 15:18:51', '2025-01-07 15:18:51'),
(22, 1, 2, 6, 0, 0, '2025-01-07 15:18:51', '2025-01-07 15:18:51'),
(23, 1, 3, 6, 0, 0, '2025-01-07 15:18:51', '2025-01-07 15:18:51'),
(24, 1, 4, 6, 0, 0, '2025-01-07 15:18:51', '2025-01-07 15:18:51'),
(25, 1, 1, 7, 0, 0, '2025-01-07 15:18:51', '2025-01-07 15:18:51'),
(26, 1, 2, 7, 0, 0, '2025-01-07 15:18:51', '2025-01-07 15:18:51'),
(27, 1, 3, 7, 0, 0, '2025-01-07 15:18:51', '2025-01-07 15:18:51'),
(28, 1, 4, 7, 0, 0, '2025-01-07 15:18:51', '2025-01-07 15:18:51'),
(29, 1, 1, 8, 0, 0, '2025-01-07 15:18:51', '2025-01-07 15:18:51'),
(30, 1, 2, 8, 0, 0, '2025-01-07 15:18:51', '2025-01-07 15:18:51'),
(31, 1, 3, 8, 0, 0, '2025-01-07 15:18:51', '2025-01-07 15:18:51'),
(32, 1, 4, 8, 0, 0, '2025-01-07 15:18:51', '2025-01-07 15:18:51'),
(33, 1, 1, 9, 0, 0, '2025-01-07 15:18:51', '2025-01-07 15:18:51'),
(34, 1, 2, 9, 0, 0, '2025-01-07 15:18:51', '2025-01-07 15:18:51'),
(35, 1, 3, 9, 0, 0, '2025-01-07 15:18:51', '2025-01-07 15:18:51'),
(36, 1, 4, 9, 0, 0, '2025-01-07 15:18:51', '2025-01-07 15:18:51'),
(37, 1, 1, 10, 0, 0, '2025-01-07 15:18:51', '2025-01-07 15:18:51'),
(38, 1, 2, 10, 0, 0, '2025-01-07 15:18:51', '2025-01-07 15:18:51'),
(39, 1, 3, 10, 0, 0, '2025-01-07 15:18:51', '2025-01-07 15:18:51'),
(40, 1, 4, 10, 0, 0, '2025-01-07 15:18:51', '2025-01-07 15:18:51'),
(49, 2, 1, 1, 0, 0, '2025-01-07 15:18:51', '2025-01-07 15:18:51'),
(50, 2, 2, 1, 0, 0, '2025-01-07 15:18:51', '2025-01-07 15:18:51'),
(51, 2, 3, 1, 0, 0, '2025-01-07 15:18:51', '2025-01-07 15:18:51'),
(52, 2, 4, 1, 0, 0, '2025-01-07 15:18:51', '2025-01-07 15:18:51'),
(53, 2, 1, 2, 0, 0, '2025-01-07 15:18:51', '2025-01-07 15:18:51'),
(54, 2, 2, 2, 0, 0, '2025-01-07 15:18:51', '2025-01-07 15:18:51'),
(55, 2, 3, 2, 0, 0, '2025-01-07 15:18:51', '2025-01-07 15:18:51'),
(56, 2, 4, 2, 0, 0, '2025-01-07 15:18:51', '2025-01-07 15:18:51'),
(57, 2, 1, 3, 0, 0, '2025-01-07 15:18:51', '2025-01-07 15:18:51'),
(58, 2, 2, 3, 0, 0, '2025-01-07 15:18:52', '2025-01-07 15:18:52'),
(59, 2, 3, 3, 0, 0, '2025-01-07 15:18:52', '2025-01-07 15:18:52'),
(60, 2, 4, 3, 0, 0, '2025-01-07 15:18:52', '2025-01-07 15:18:52'),
(61, 2, 1, 4, 0, 0, '2025-01-07 15:18:52', '2025-01-07 15:18:52'),
(62, 2, 2, 4, 0, 0, '2025-01-07 15:18:52', '2025-01-07 15:18:52'),
(63, 2, 3, 4, 0, 0, '2025-01-07 15:18:52', '2025-01-07 15:18:52'),
(64, 2, 4, 4, 0, 0, '2025-01-07 15:18:52', '2025-01-07 15:18:52'),
(65, 2, 1, 5, 0, 0, '2025-01-07 15:18:52', '2025-01-07 15:18:52'),
(66, 2, 2, 5, 0, 0, '2025-01-07 15:18:52', '2025-01-07 15:18:52'),
(67, 2, 3, 5, 0, 0, '2025-01-07 15:18:52', '2025-01-07 15:18:52'),
(68, 2, 4, 5, 0, 0, '2025-01-07 15:18:52', '2025-01-07 15:18:52'),
(69, 2, 1, 6, 0, 0, '2025-01-07 15:18:52', '2025-01-07 15:18:52'),
(70, 2, 2, 6, 0, 0, '2025-01-07 15:18:52', '2025-01-07 15:18:52'),
(71, 2, 3, 6, 0, 0, '2025-01-07 15:18:52', '2025-01-07 15:18:52'),
(72, 2, 4, 6, 0, 0, '2025-01-07 15:18:52', '2025-01-07 15:18:52'),
(73, 2, 1, 7, 0, 0, '2025-01-07 15:18:52', '2025-01-07 15:18:52'),
(74, 2, 2, 7, 0, 0, '2025-01-07 15:18:52', '2025-01-07 15:18:52'),
(75, 2, 3, 7, 0, 0, '2025-01-07 15:18:52', '2025-01-07 15:18:52'),
(76, 2, 4, 7, 0, 0, '2025-01-07 15:18:52', '2025-01-07 15:18:52'),
(77, 2, 1, 8, 0, 0, '2025-01-07 15:18:52', '2025-01-07 15:18:52'),
(78, 2, 2, 8, 0, 0, '2025-01-07 15:18:52', '2025-01-07 15:18:52'),
(79, 2, 3, 8, 0, 0, '2025-01-07 15:18:52', '2025-01-07 15:18:52'),
(80, 2, 4, 8, 0, 0, '2025-01-07 15:18:52', '2025-01-07 15:18:52'),
(81, 2, 1, 9, 0, 0, '2025-01-07 15:18:52', '2025-01-07 15:18:52'),
(82, 2, 2, 9, 0, 0, '2025-01-07 15:18:52', '2025-01-07 15:18:52'),
(83, 2, 3, 9, 0, 0, '2025-01-07 15:18:52', '2025-01-07 15:18:52'),
(84, 2, 4, 9, 0, 0, '2025-01-07 15:18:52', '2025-01-07 15:18:52'),
(85, 2, 1, 10, 0, 0, '2025-01-07 15:18:52', '2025-01-07 15:18:52'),
(86, 2, 2, 10, 0, 0, '2025-01-07 15:18:52', '2025-01-07 15:18:52'),
(87, 2, 3, 10, 0, 0, '2025-01-07 15:18:52', '2025-01-07 15:18:52'),
(88, 2, 4, 10, 0, 0, '2025-01-07 15:18:52', '2025-01-07 15:18:52'),
(97, 3, 1, 1, 0, 0, '2025-01-07 15:18:52', '2025-01-07 15:18:52'),
(98, 3, 2, 1, 0, 0, '2025-01-07 15:18:52', '2025-01-07 15:18:52'),
(99, 3, 3, 1, 0, 0, '2025-01-07 15:18:52', '2025-01-07 15:18:52'),
(100, 3, 4, 1, 0, 0, '2025-01-07 15:18:52', '2025-01-07 15:18:52'),
(101, 3, 1, 2, 0, 0, '2025-01-07 15:18:52', '2025-01-07 15:18:52'),
(102, 3, 2, 2, 0, 0, '2025-01-07 15:18:52', '2025-01-07 15:18:52'),
(103, 3, 3, 2, 0, 0, '2025-01-07 15:18:52', '2025-01-07 15:18:52'),
(104, 3, 4, 2, 0, 0, '2025-01-07 15:18:52', '2025-01-07 15:18:52'),
(105, 3, 1, 3, 0, 0, '2025-01-07 15:18:52', '2025-01-07 15:18:52'),
(106, 3, 2, 3, 0, 0, '2025-01-07 15:18:52', '2025-01-07 15:18:52'),
(107, 3, 3, 3, 0, 0, '2025-01-07 15:18:52', '2025-01-07 15:18:52'),
(108, 3, 4, 3, 0, 0, '2025-01-07 15:18:52', '2025-01-07 15:18:52'),
(109, 3, 1, 4, 0, 0, '2025-01-07 15:18:52', '2025-01-07 15:18:52'),
(110, 3, 2, 4, 0, 0, '2025-01-07 15:18:52', '2025-01-07 15:18:52'),
(111, 3, 3, 4, 0, 0, '2025-01-07 15:18:52', '2025-01-07 15:18:52'),
(112, 3, 4, 4, 0, 0, '2025-01-07 15:18:52', '2025-01-07 15:18:52'),
(113, 3, 1, 5, 0, 0, '2025-01-07 15:18:52', '2025-01-07 15:18:52'),
(114, 3, 2, 5, 0, 0, '2025-01-07 15:18:52', '2025-01-07 15:18:52'),
(115, 3, 3, 5, 0, 0, '2025-01-07 15:18:52', '2025-01-07 15:18:52'),
(116, 3, 4, 5, 0, 0, '2025-01-07 15:18:52', '2025-01-07 15:18:52'),
(117, 3, 1, 6, 0, 0, '2025-01-07 15:18:52', '2025-01-07 15:18:52'),
(118, 3, 2, 6, 0, 0, '2025-01-07 15:18:52', '2025-01-07 15:18:52'),
(119, 3, 3, 6, 0, 0, '2025-01-07 15:18:52', '2025-01-07 15:18:52'),
(120, 3, 4, 6, 0, 0, '2025-01-07 15:18:52', '2025-01-07 15:18:52'),
(121, 3, 1, 7, 0, 0, '2025-01-07 15:18:52', '2025-01-07 15:18:52'),
(122, 3, 2, 7, 0, 0, '2025-01-07 15:18:52', '2025-01-07 15:18:52'),
(123, 3, 3, 7, 0, 0, '2025-01-07 15:18:52', '2025-01-07 15:18:52'),
(124, 3, 4, 7, 0, 0, '2025-01-07 15:18:52', '2025-01-07 15:18:52'),
(125, 3, 1, 8, 0, 0, '2025-01-07 15:18:52', '2025-01-07 15:18:52'),
(126, 3, 2, 8, 0, 0, '2025-01-07 15:18:52', '2025-01-07 15:18:52'),
(127, 3, 3, 8, 0, 0, '2025-01-07 15:18:52', '2025-01-07 15:18:52'),
(128, 3, 4, 8, 0, 0, '2025-01-07 15:18:52', '2025-01-07 15:18:52'),
(129, 3, 1, 9, 0, 0, '2025-01-07 15:18:52', '2025-01-07 15:18:52'),
(130, 3, 2, 9, 0, 0, '2025-01-07 15:18:52', '2025-01-07 15:18:52'),
(131, 3, 3, 9, 0, 0, '2025-01-07 15:18:52', '2025-01-07 15:18:52'),
(132, 3, 4, 9, 0, 0, '2025-01-07 15:18:52', '2025-01-07 15:18:52'),
(133, 3, 1, 10, 0, 0, '2025-01-07 15:18:52', '2025-01-07 15:18:52'),
(134, 3, 2, 10, 0, 0, '2025-01-07 15:18:52', '2025-01-07 15:18:52'),
(135, 3, 3, 10, 0, 0, '2025-01-07 15:18:52', '2025-01-07 15:18:52'),
(136, 3, 4, 10, 0, 0, '2025-01-07 15:18:52', '2025-01-07 15:18:52'),
(145, 4, 1, 1, 0, 0, '2025-01-07 15:18:53', '2025-01-07 15:18:53'),
(146, 4, 2, 1, 0, 0, '2025-01-07 15:18:53', '2025-01-07 15:18:53'),
(147, 4, 3, 1, 0, 0, '2025-01-07 15:18:53', '2025-01-07 15:18:53'),
(148, 4, 4, 1, 0, 0, '2025-01-07 15:18:53', '2025-01-07 15:18:53'),
(149, 4, 1, 2, 0, 0, '2025-01-07 15:18:53', '2025-01-07 15:18:53'),
(150, 4, 2, 2, 0, 0, '2025-01-07 15:18:53', '2025-01-07 15:18:53'),
(151, 4, 3, 2, 0, 0, '2025-01-07 15:18:53', '2025-01-07 15:18:53'),
(152, 4, 4, 2, 0, 0, '2025-01-07 15:18:53', '2025-01-07 15:18:53'),
(153, 4, 1, 3, 0, 0, '2025-01-07 15:18:53', '2025-01-07 15:18:53'),
(154, 4, 2, 3, 0, 0, '2025-01-07 15:18:53', '2025-01-07 15:18:53'),
(155, 4, 3, 3, 0, 0, '2025-01-07 15:18:53', '2025-01-07 15:18:53'),
(156, 4, 4, 3, 0, 0, '2025-01-07 15:18:53', '2025-01-07 15:18:53'),
(157, 4, 1, 4, 0, 0, '2025-01-07 15:18:53', '2025-01-07 15:18:53'),
(158, 4, 2, 4, 0, 0, '2025-01-07 15:18:53', '2025-01-07 15:18:53'),
(159, 4, 3, 4, 0, 0, '2025-01-07 15:18:53', '2025-01-07 15:18:53'),
(160, 4, 4, 4, 0, 0, '2025-01-07 15:18:53', '2025-01-07 15:18:53'),
(161, 4, 1, 5, 0, 0, '2025-01-07 15:18:53', '2025-01-07 15:18:53'),
(162, 4, 2, 5, 0, 0, '2025-01-07 15:18:53', '2025-01-07 15:18:53'),
(163, 4, 3, 5, 0, 0, '2025-01-07 15:18:53', '2025-01-07 15:18:53'),
(164, 4, 4, 5, 0, 0, '2025-01-07 15:18:53', '2025-01-07 15:18:53'),
(165, 4, 1, 6, 0, 0, '2025-01-07 15:18:53', '2025-01-07 15:18:53'),
(166, 4, 2, 6, 0, 0, '2025-01-07 15:18:53', '2025-01-07 15:18:53'),
(167, 4, 3, 6, 0, 0, '2025-01-07 15:18:53', '2025-01-07 15:18:53'),
(168, 4, 4, 6, 0, 0, '2025-01-07 15:18:53', '2025-01-07 15:18:53'),
(169, 4, 1, 7, 0, 0, '2025-01-07 15:18:53', '2025-01-07 15:18:53'),
(170, 4, 2, 7, 0, 0, '2025-01-07 15:18:53', '2025-01-07 15:18:53'),
(171, 4, 3, 7, 0, 0, '2025-01-07 15:18:53', '2025-01-07 15:18:53'),
(172, 4, 4, 7, 0, 0, '2025-01-07 15:18:53', '2025-01-07 15:18:53'),
(173, 4, 1, 8, 0, 0, '2025-01-07 15:18:53', '2025-01-07 15:18:53'),
(174, 4, 2, 8, 0, 0, '2025-01-07 15:18:53', '2025-01-07 15:18:53'),
(175, 4, 3, 8, 0, 0, '2025-01-07 15:18:53', '2025-01-07 15:18:53'),
(176, 4, 4, 8, 0, 0, '2025-01-07 15:18:53', '2025-01-07 15:18:53'),
(177, 4, 1, 9, 0, 0, '2025-01-07 15:18:53', '2025-01-07 15:18:53'),
(178, 4, 2, 9, 0, 0, '2025-01-07 15:18:53', '2025-01-07 15:18:53'),
(179, 4, 3, 9, 0, 0, '2025-01-07 15:18:53', '2025-01-07 15:18:53'),
(180, 4, 4, 9, 0, 0, '2025-01-07 15:18:53', '2025-01-07 15:18:53'),
(181, 4, 1, 10, 0, 0, '2025-01-07 15:18:53', '2025-01-07 15:18:53'),
(182, 4, 2, 10, 0, 0, '2025-01-07 15:18:53', '2025-01-07 15:18:53'),
(183, 4, 3, 10, 0, 0, '2025-01-07 15:18:53', '2025-01-07 15:18:53'),
(184, 4, 4, 10, 0, 0, '2025-01-07 15:18:53', '2025-01-07 15:18:53'),
(193, 5, 1, 1, 0, 0, '2025-01-07 15:18:53', '2025-01-07 15:18:53'),
(194, 5, 2, 1, 0, 0, '2025-01-07 15:18:53', '2025-01-07 15:18:53'),
(195, 5, 3, 1, 0, 0, '2025-01-07 15:18:53', '2025-01-07 15:18:53'),
(196, 5, 4, 1, 0, 0, '2025-01-07 15:18:53', '2025-01-07 15:18:53'),
(197, 5, 1, 2, 0, 0, '2025-01-07 15:18:53', '2025-01-07 15:18:53'),
(198, 5, 2, 2, 0, 0, '2025-01-07 15:18:53', '2025-01-07 15:18:53'),
(199, 5, 3, 2, 0, 0, '2025-01-07 15:18:53', '2025-01-07 15:18:53'),
(200, 5, 4, 2, 0, 0, '2025-01-07 15:18:53', '2025-01-07 15:18:53'),
(201, 5, 1, 3, 0, 0, '2025-01-07 15:18:53', '2025-01-07 15:18:53'),
(202, 5, 2, 3, 0, 0, '2025-01-07 15:18:53', '2025-01-07 15:18:53'),
(203, 5, 3, 3, 0, 0, '2025-01-07 15:18:53', '2025-01-07 15:18:53'),
(204, 5, 4, 3, 0, 0, '2025-01-07 15:18:53', '2025-01-07 15:18:53'),
(205, 5, 1, 4, 0, 0, '2025-01-07 15:18:53', '2025-01-07 15:18:53'),
(206, 5, 2, 4, 0, 0, '2025-01-07 15:18:53', '2025-01-07 15:18:53'),
(207, 5, 3, 4, 0, 0, '2025-01-07 15:18:53', '2025-01-07 15:18:53'),
(208, 5, 4, 4, 0, 0, '2025-01-07 15:18:53', '2025-01-07 15:18:53'),
(209, 5, 1, 5, 0, 0, '2025-01-07 15:18:53', '2025-01-07 15:18:53'),
(210, 5, 2, 5, 0, 0, '2025-01-07 15:18:53', '2025-01-07 15:18:53'),
(211, 5, 3, 5, 0, 0, '2025-01-07 15:18:53', '2025-01-07 15:18:53'),
(212, 5, 4, 5, 0, 0, '2025-01-07 15:18:53', '2025-01-07 15:18:53'),
(213, 5, 1, 6, 0, 0, '2025-01-07 15:18:53', '2025-01-07 15:18:53'),
(214, 5, 2, 6, 0, 0, '2025-01-07 15:18:53', '2025-01-07 15:18:53'),
(215, 5, 3, 6, 0, 0, '2025-01-07 15:18:53', '2025-01-07 15:18:53'),
(216, 5, 4, 6, 0, 0, '2025-01-07 15:18:53', '2025-01-07 15:18:53'),
(217, 5, 1, 7, 0, 0, '2025-01-07 15:18:53', '2025-01-07 15:18:53'),
(218, 5, 2, 7, 0, 0, '2025-01-07 15:18:53', '2025-01-07 15:18:53'),
(219, 5, 3, 7, 0, 0, '2025-01-07 15:18:53', '2025-01-07 15:18:53'),
(220, 5, 4, 7, 0, 0, '2025-01-07 15:18:53', '2025-01-07 15:18:53'),
(221, 5, 1, 8, 0, 0, '2025-01-07 15:18:53', '2025-01-07 15:18:53'),
(222, 5, 2, 8, 0, 0, '2025-01-07 15:18:53', '2025-01-07 15:18:53'),
(223, 5, 3, 8, 0, 0, '2025-01-07 15:18:53', '2025-01-07 15:18:53'),
(224, 5, 4, 8, 0, 0, '2025-01-07 15:18:54', '2025-01-07 15:18:54'),
(225, 5, 1, 9, 0, 0, '2025-01-07 15:18:54', '2025-01-07 15:18:54'),
(226, 5, 2, 9, 0, 0, '2025-01-07 15:18:54', '2025-01-07 15:18:54'),
(227, 5, 3, 9, 0, 0, '2025-01-07 15:18:54', '2025-01-07 15:18:54'),
(228, 5, 4, 9, 0, 0, '2025-01-07 15:18:54', '2025-01-07 15:18:54'),
(229, 5, 1, 10, 0, 0, '2025-01-07 15:18:54', '2025-01-07 15:18:54'),
(230, 5, 2, 10, 0, 0, '2025-01-07 15:18:54', '2025-01-07 15:18:54'),
(231, 5, 3, 10, 0, 0, '2025-01-07 15:18:54', '2025-01-07 15:18:54'),
(232, 5, 4, 10, 0, 0, '2025-01-07 15:18:54', '2025-01-07 15:18:54'),
(241, 1, 5, 1, 0, 0, '2025-01-07 15:35:26', '2025-01-07 15:35:26'),
(242, 1, 6, 1, 0, 0, '2025-01-07 15:35:26', '2025-01-07 15:35:26'),
(243, 1, 7, 1, 0, 0, '2025-01-07 15:35:26', '2025-01-07 15:35:26'),
(244, 1, 8, 1, 0, 0, '2025-01-07 15:35:26', '2025-01-07 15:35:26'),
(245, 1, 5, 2, 0, 0, '2025-01-07 15:35:26', '2025-01-07 15:35:26'),
(246, 1, 6, 2, 0, 0, '2025-01-07 15:35:26', '2025-01-07 15:35:26'),
(247, 1, 7, 2, 0, 0, '2025-01-07 15:35:26', '2025-01-07 15:35:26'),
(248, 1, 8, 2, 0, 0, '2025-01-07 15:35:26', '2025-01-07 15:35:26'),
(249, 1, 5, 3, 0, 0, '2025-01-07 15:35:26', '2025-01-07 15:35:26'),
(250, 1, 6, 3, 0, 0, '2025-01-07 15:35:26', '2025-01-07 15:35:26'),
(251, 1, 7, 3, 0, 0, '2025-01-07 15:35:26', '2025-01-07 15:35:26'),
(252, 1, 8, 3, 0, 0, '2025-01-07 15:35:26', '2025-01-07 15:35:26'),
(253, 1, 5, 4, 0, 0, '2025-01-07 15:35:26', '2025-01-07 15:35:26'),
(254, 1, 6, 4, 0, 0, '2025-01-07 15:35:27', '2025-01-07 15:35:27'),
(255, 1, 7, 4, 0, 0, '2025-01-07 15:35:27', '2025-01-07 15:35:27'),
(256, 1, 8, 4, 0, 0, '2025-01-07 15:35:27', '2025-01-07 15:35:27'),
(257, 1, 5, 5, 0, 0, '2025-01-07 15:35:27', '2025-01-07 15:35:27'),
(258, 1, 6, 5, 0, 0, '2025-01-07 15:35:27', '2025-01-07 15:35:27'),
(259, 1, 7, 5, 0, 0, '2025-01-07 15:35:27', '2025-01-07 15:35:27'),
(260, 1, 8, 5, 0, 0, '2025-01-07 15:35:27', '2025-01-07 15:35:27'),
(261, 1, 5, 6, 0, 0, '2025-01-07 15:35:27', '2025-01-07 15:35:27'),
(262, 1, 6, 6, 0, 0, '2025-01-07 15:35:27', '2025-01-07 15:35:27'),
(263, 1, 7, 6, 0, 0, '2025-01-07 15:35:27', '2025-01-07 15:35:27'),
(264, 1, 8, 6, 0, 0, '2025-01-07 15:35:27', '2025-01-07 15:35:27'),
(265, 1, 5, 7, 0, 0, '2025-01-07 15:35:27', '2025-01-07 15:35:27'),
(266, 1, 6, 7, 0, 0, '2025-01-07 15:35:27', '2025-01-07 15:35:27'),
(267, 1, 7, 7, 0, 0, '2025-01-07 15:35:27', '2025-01-07 15:35:27'),
(268, 1, 8, 7, 0, 0, '2025-01-07 15:35:27', '2025-01-07 15:35:27'),
(269, 1, 5, 8, 0, 0, '2025-01-07 15:35:27', '2025-01-07 15:35:27'),
(270, 1, 6, 8, 0, 0, '2025-01-07 15:35:27', '2025-01-07 15:35:27'),
(271, 1, 7, 8, 0, 0, '2025-01-07 15:35:27', '2025-01-07 15:35:27'),
(272, 1, 8, 8, 0, 0, '2025-01-07 15:35:27', '2025-01-07 15:35:27'),
(273, 1, 5, 9, 0, 0, '2025-01-07 15:35:27', '2025-01-07 15:35:27'),
(274, 1, 6, 9, 0, 0, '2025-01-07 15:35:27', '2025-01-07 15:35:27'),
(275, 1, 7, 9, 0, 0, '2025-01-07 15:35:27', '2025-01-07 15:35:27'),
(276, 1, 8, 9, 0, 0, '2025-01-07 15:35:27', '2025-01-07 15:35:27'),
(277, 1, 5, 10, 0, 0, '2025-01-07 15:35:27', '2025-01-07 15:35:27'),
(278, 1, 6, 10, 0, 0, '2025-01-07 15:35:27', '2025-01-07 15:35:27'),
(279, 1, 7, 10, 0, 0, '2025-01-07 15:35:27', '2025-01-07 15:35:27'),
(280, 1, 8, 10, 0, 0, '2025-01-07 15:35:27', '2025-01-07 15:35:27'),
(289, 2, 5, 1, 0, 0, '2025-01-07 15:35:27', '2025-01-07 15:35:27'),
(290, 2, 6, 1, 0, 0, '2025-01-07 15:35:27', '2025-01-07 15:35:27'),
(291, 2, 7, 1, 0, 0, '2025-01-07 15:35:27', '2025-01-07 15:35:27'),
(292, 2, 8, 1, 0, 0, '2025-01-07 15:35:27', '2025-01-07 15:35:27'),
(293, 2, 5, 2, 0, 0, '2025-01-07 15:35:27', '2025-01-07 15:35:27'),
(294, 2, 6, 2, 0, 0, '2025-01-07 15:35:27', '2025-01-07 15:35:27'),
(295, 2, 7, 2, 0, 0, '2025-01-07 15:35:27', '2025-01-07 15:35:27'),
(296, 2, 8, 2, 0, 0, '2025-01-07 15:35:27', '2025-01-07 15:35:27'),
(297, 2, 5, 3, 0, 0, '2025-01-07 15:35:27', '2025-01-07 15:35:27'),
(298, 2, 6, 3, 0, 0, '2025-01-07 15:35:27', '2025-01-07 15:35:27'),
(299, 2, 7, 3, 0, 0, '2025-01-07 15:35:27', '2025-01-07 15:35:27'),
(300, 2, 8, 3, 0, 0, '2025-01-07 15:35:27', '2025-01-07 15:35:27'),
(301, 2, 5, 4, 0, 0, '2025-01-07 15:35:27', '2025-01-07 15:35:27'),
(302, 2, 6, 4, 0, 0, '2025-01-07 15:35:27', '2025-01-07 15:35:27'),
(303, 2, 7, 4, 0, 0, '2025-01-07 15:35:27', '2025-01-07 15:35:27'),
(304, 2, 8, 4, 0, 0, '2025-01-07 15:35:27', '2025-01-07 15:35:27'),
(305, 2, 5, 5, 0, 0, '2025-01-07 15:35:27', '2025-01-07 15:35:27'),
(306, 2, 6, 5, 0, 0, '2025-01-07 15:35:27', '2025-01-07 15:35:27'),
(307, 2, 7, 5, 0, 0, '2025-01-07 15:35:27', '2025-01-07 15:35:27'),
(308, 2, 8, 5, 0, 0, '2025-01-07 15:35:27', '2025-01-07 15:35:27'),
(309, 2, 5, 6, 0, 0, '2025-01-07 15:35:27', '2025-01-07 15:35:27'),
(310, 2, 6, 6, 0, 0, '2025-01-07 15:35:27', '2025-01-07 15:35:27'),
(311, 2, 7, 6, 0, 0, '2025-01-07 15:35:27', '2025-01-07 15:35:27'),
(312, 2, 8, 6, 0, 0, '2025-01-07 15:35:27', '2025-01-07 15:35:27'),
(313, 2, 5, 7, 0, 0, '2025-01-07 15:35:27', '2025-01-07 15:35:27'),
(314, 2, 6, 7, 0, 0, '2025-01-07 15:35:27', '2025-01-07 15:35:27'),
(315, 2, 7, 7, 0, 0, '2025-01-07 15:35:27', '2025-01-07 15:35:27'),
(316, 2, 8, 7, 0, 0, '2025-01-07 15:35:27', '2025-01-07 15:35:27'),
(317, 2, 5, 8, 0, 0, '2025-01-07 15:35:27', '2025-01-07 15:35:27'),
(318, 2, 6, 8, 0, 0, '2025-01-07 15:35:27', '2025-01-07 15:35:27'),
(319, 2, 7, 8, 0, 0, '2025-01-07 15:35:27', '2025-01-07 15:35:27'),
(320, 2, 8, 8, 0, 0, '2025-01-07 15:35:27', '2025-01-07 15:35:27'),
(321, 2, 5, 9, 0, 0, '2025-01-07 15:35:27', '2025-01-07 15:35:27'),
(322, 2, 6, 9, 0, 0, '2025-01-07 15:35:27', '2025-01-07 15:35:27'),
(323, 2, 7, 9, 0, 0, '2025-01-07 15:35:27', '2025-01-07 15:35:27'),
(324, 2, 8, 9, 0, 0, '2025-01-07 15:35:27', '2025-01-07 15:35:27'),
(325, 2, 5, 10, 0, 0, '2025-01-07 15:35:27', '2025-01-07 15:35:27'),
(326, 2, 6, 10, 0, 0, '2025-01-07 15:35:27', '2025-01-07 15:35:27'),
(327, 2, 7, 10, 0, 0, '2025-01-07 15:35:27', '2025-01-07 15:35:27'),
(328, 2, 8, 10, 0, 0, '2025-01-07 15:35:27', '2025-01-07 15:35:27'),
(337, 3, 5, 1, 0, 0, '2025-01-07 15:35:28', '2025-01-07 15:35:28'),
(338, 3, 6, 1, 0, 0, '2025-01-07 15:35:28', '2025-01-07 15:35:28'),
(339, 3, 7, 1, 0, 0, '2025-01-07 15:35:28', '2025-01-07 15:35:28'),
(340, 3, 8, 1, 0, 0, '2025-01-07 15:35:28', '2025-01-07 15:35:28'),
(341, 3, 5, 2, 0, 0, '2025-01-07 15:35:28', '2025-01-07 15:35:28'),
(342, 3, 6, 2, 0, 0, '2025-01-07 15:35:28', '2025-01-07 15:35:28'),
(343, 3, 7, 2, 0, 0, '2025-01-07 15:35:28', '2025-01-07 15:35:28'),
(344, 3, 8, 2, 0, 0, '2025-01-07 15:35:28', '2025-01-07 15:35:28'),
(345, 3, 5, 3, 0, 0, '2025-01-07 15:35:28', '2025-01-07 15:35:28'),
(346, 3, 6, 3, 0, 0, '2025-01-07 15:35:28', '2025-01-07 15:35:28'),
(347, 3, 7, 3, 0, 0, '2025-01-07 15:35:28', '2025-01-07 15:35:28'),
(348, 3, 8, 3, 0, 0, '2025-01-07 15:35:28', '2025-01-07 15:35:28'),
(349, 3, 5, 4, 0, 0, '2025-01-07 15:35:28', '2025-01-07 15:35:28'),
(350, 3, 6, 4, 0, 0, '2025-01-07 15:35:28', '2025-01-07 15:35:28'),
(351, 3, 7, 4, 0, 0, '2025-01-07 15:35:28', '2025-01-07 15:35:28'),
(352, 3, 8, 4, 0, 0, '2025-01-07 15:35:28', '2025-01-07 15:35:28'),
(353, 3, 5, 5, 0, 0, '2025-01-07 15:35:28', '2025-01-07 15:35:28'),
(354, 3, 6, 5, 0, 0, '2025-01-07 15:35:28', '2025-01-07 15:35:28'),
(355, 3, 7, 5, 0, 0, '2025-01-07 15:35:28', '2025-01-07 15:35:28'),
(356, 3, 8, 5, 0, 0, '2025-01-07 15:35:28', '2025-01-07 15:35:28'),
(357, 3, 5, 6, 0, 0, '2025-01-07 15:35:28', '2025-01-07 15:35:28'),
(358, 3, 6, 6, 0, 0, '2025-01-07 15:35:28', '2025-01-07 15:35:28'),
(359, 3, 7, 6, 0, 0, '2025-01-07 15:35:28', '2025-01-07 15:35:28'),
(360, 3, 8, 6, 0, 0, '2025-01-07 15:35:28', '2025-01-07 15:35:28'),
(361, 3, 5, 7, 0, 0, '2025-01-07 15:35:28', '2025-01-07 15:35:28'),
(362, 3, 6, 7, 0, 0, '2025-01-07 15:35:28', '2025-01-07 15:35:28'),
(363, 3, 7, 7, 0, 0, '2025-01-07 15:35:28', '2025-01-07 15:35:28'),
(364, 3, 8, 7, 0, 0, '2025-01-07 15:35:28', '2025-01-07 15:35:28'),
(365, 3, 5, 8, 0, 0, '2025-01-07 15:35:28', '2025-01-07 15:35:28'),
(366, 3, 6, 8, 0, 0, '2025-01-07 15:35:28', '2025-01-07 15:35:28'),
(367, 3, 7, 8, 0, 0, '2025-01-07 15:35:28', '2025-01-07 15:35:28'),
(368, 3, 8, 8, 0, 0, '2025-01-07 15:35:28', '2025-01-07 15:35:28'),
(369, 3, 5, 9, 0, 0, '2025-01-07 15:35:28', '2025-01-07 15:35:28'),
(370, 3, 6, 9, 0, 0, '2025-01-07 15:35:28', '2025-01-07 15:35:28'),
(371, 3, 7, 9, 0, 0, '2025-01-07 15:35:28', '2025-01-07 15:35:28'),
(372, 3, 8, 9, 0, 0, '2025-01-07 15:35:28', '2025-01-07 15:35:28'),
(373, 3, 5, 10, 0, 0, '2025-01-07 15:35:28', '2025-01-07 15:35:28'),
(374, 3, 6, 10, 0, 0, '2025-01-07 15:35:28', '2025-01-07 15:35:28'),
(375, 3, 7, 10, 0, 0, '2025-01-07 15:35:28', '2025-01-07 15:35:28'),
(376, 3, 8, 10, 0, 0, '2025-01-07 15:35:28', '2025-01-07 15:35:28'),
(385, 4, 5, 1, 0, 0, '2025-01-07 15:35:28', '2025-01-07 15:35:28'),
(386, 4, 6, 1, 0, 0, '2025-01-07 15:35:28', '2025-01-07 15:35:28'),
(387, 4, 7, 1, 0, 0, '2025-01-07 15:35:28', '2025-01-07 15:35:28'),
(388, 4, 8, 1, 0, 0, '2025-01-07 15:35:28', '2025-01-07 15:35:28'),
(389, 4, 5, 2, 0, 0, '2025-01-07 15:35:28', '2025-01-07 15:35:28'),
(390, 4, 6, 2, 0, 0, '2025-01-07 15:35:28', '2025-01-07 15:35:28'),
(391, 4, 7, 2, 0, 0, '2025-01-07 15:35:28', '2025-01-07 15:35:28'),
(392, 4, 8, 2, 0, 0, '2025-01-07 15:35:28', '2025-01-07 15:35:28'),
(393, 4, 5, 3, 0, 0, '2025-01-07 15:35:28', '2025-01-07 15:35:28'),
(394, 4, 6, 3, 0, 0, '2025-01-07 15:35:28', '2025-01-07 15:35:28'),
(395, 4, 7, 3, 0, 0, '2025-01-07 15:35:28', '2025-01-07 15:35:28'),
(396, 4, 8, 3, 0, 0, '2025-01-07 15:35:28', '2025-01-07 15:35:28'),
(397, 4, 5, 4, 0, 0, '2025-01-07 15:35:28', '2025-01-07 15:35:28'),
(398, 4, 6, 4, 0, 0, '2025-01-07 15:35:28', '2025-01-07 15:35:28'),
(399, 4, 7, 4, 0, 0, '2025-01-07 15:35:28', '2025-01-07 15:35:28'),
(400, 4, 8, 4, 0, 0, '2025-01-07 15:35:28', '2025-01-07 15:35:28'),
(401, 4, 5, 5, 0, 0, '2025-01-07 15:35:28', '2025-01-07 15:35:28'),
(402, 4, 6, 5, 0, 0, '2025-01-07 15:35:28', '2025-01-07 15:35:28'),
(403, 4, 7, 5, 0, 0, '2025-01-07 15:35:28', '2025-01-07 15:35:28'),
(404, 4, 8, 5, 0, 0, '2025-01-07 15:35:28', '2025-01-07 15:35:28'),
(405, 4, 5, 6, 0, 0, '2025-01-07 15:35:28', '2025-01-07 15:35:28'),
(406, 4, 6, 6, 0, 0, '2025-01-07 15:35:28', '2025-01-07 15:35:28'),
(407, 4, 7, 6, 0, 0, '2025-01-07 15:35:28', '2025-01-07 15:35:28'),
(408, 4, 8, 6, 0, 0, '2025-01-07 15:35:29', '2025-01-07 15:35:29'),
(409, 4, 5, 7, 0, 0, '2025-01-07 15:35:29', '2025-01-07 15:35:29'),
(410, 4, 6, 7, 0, 0, '2025-01-07 15:35:29', '2025-01-07 15:35:29'),
(411, 4, 7, 7, 0, 0, '2025-01-07 15:35:29', '2025-01-07 15:35:29'),
(412, 4, 8, 7, 0, 0, '2025-01-07 15:35:29', '2025-01-07 15:35:29'),
(413, 4, 5, 8, 0, 0, '2025-01-07 15:35:29', '2025-01-07 15:35:29'),
(414, 4, 6, 8, 0, 0, '2025-01-07 15:35:29', '2025-01-07 15:35:29'),
(415, 4, 7, 8, 0, 0, '2025-01-07 15:35:29', '2025-01-07 15:35:29'),
(416, 4, 8, 8, 0, 0, '2025-01-07 15:35:29', '2025-01-07 15:35:29'),
(417, 4, 5, 9, 0, 0, '2025-01-07 15:35:29', '2025-01-07 15:35:29'),
(418, 4, 6, 9, 0, 0, '2025-01-07 15:35:29', '2025-01-07 15:35:29'),
(419, 4, 7, 9, 0, 0, '2025-01-07 15:35:29', '2025-01-07 15:35:29'),
(420, 4, 8, 9, 0, 0, '2025-01-07 15:35:29', '2025-01-07 15:35:29'),
(421, 4, 5, 10, 0, 0, '2025-01-07 15:35:29', '2025-01-07 15:35:29'),
(422, 4, 6, 10, 0, 0, '2025-01-07 15:35:29', '2025-01-07 15:35:29'),
(423, 4, 7, 10, 0, 0, '2025-01-07 15:35:29', '2025-01-07 15:35:29'),
(424, 4, 8, 10, 0, 0, '2025-01-07 15:35:29', '2025-01-07 15:35:29'),
(433, 5, 5, 1, 0, 0, '2025-01-07 15:35:29', '2025-01-07 15:35:29'),
(434, 5, 6, 1, 0, 0, '2025-01-07 15:35:29', '2025-01-07 15:35:29'),
(435, 5, 7, 1, 0, 0, '2025-01-07 15:35:29', '2025-01-07 15:35:29'),
(436, 5, 8, 1, 0, 0, '2025-01-07 15:35:29', '2025-01-07 15:35:29'),
(437, 5, 5, 2, 0, 0, '2025-01-07 15:35:29', '2025-01-07 15:35:29'),
(438, 5, 6, 2, 0, 0, '2025-01-07 15:35:29', '2025-01-07 15:35:29'),
(439, 5, 7, 2, 0, 0, '2025-01-07 15:35:29', '2025-01-07 15:35:29'),
(440, 5, 8, 2, 0, 0, '2025-01-07 15:35:29', '2025-01-07 15:35:29'),
(441, 5, 5, 3, 0, 0, '2025-01-07 15:35:29', '2025-01-07 15:35:29'),
(442, 5, 6, 3, 0, 0, '2025-01-07 15:35:29', '2025-01-07 15:35:29'),
(443, 5, 7, 3, 0, 0, '2025-01-07 15:35:29', '2025-01-07 15:35:29'),
(444, 5, 8, 3, 0, 0, '2025-01-07 15:35:29', '2025-01-07 15:35:29'),
(445, 5, 5, 4, 0, 0, '2025-01-07 15:35:29', '2025-01-07 15:35:29'),
(446, 5, 6, 4, 0, 0, '2025-01-07 15:35:29', '2025-01-07 15:35:29'),
(447, 5, 7, 4, 0, 0, '2025-01-07 15:35:29', '2025-01-07 15:35:29'),
(448, 5, 8, 4, 0, 0, '2025-01-07 15:35:29', '2025-01-07 15:35:29'),
(449, 5, 5, 5, 0, 0, '2025-01-07 15:35:29', '2025-01-07 15:35:29'),
(450, 5, 6, 5, 0, 0, '2025-01-07 15:35:29', '2025-01-07 15:35:29'),
(451, 5, 7, 5, 0, 0, '2025-01-07 15:35:29', '2025-01-07 15:35:29'),
(452, 5, 8, 5, 0, 0, '2025-01-07 15:35:29', '2025-01-07 15:35:29'),
(453, 5, 5, 6, 0, 0, '2025-01-07 15:35:29', '2025-01-07 15:35:29'),
(454, 5, 6, 6, 0, 0, '2025-01-07 15:35:29', '2025-01-07 15:35:29'),
(455, 5, 7, 6, 0, 0, '2025-01-07 15:35:29', '2025-01-07 15:35:29'),
(456, 5, 8, 6, 0, 0, '2025-01-07 15:35:29', '2025-01-07 15:35:29'),
(457, 5, 5, 7, 0, 0, '2025-01-07 15:35:29', '2025-01-07 15:35:29'),
(458, 5, 6, 7, 0, 0, '2025-01-07 15:35:29', '2025-01-07 15:35:29'),
(459, 5, 7, 7, 0, 0, '2025-01-07 15:35:29', '2025-01-07 15:35:29'),
(460, 5, 8, 7, 0, 0, '2025-01-07 15:35:29', '2025-01-07 15:35:29'),
(461, 5, 5, 8, 0, 0, '2025-01-07 15:35:29', '2025-01-07 15:35:29'),
(462, 5, 6, 8, 0, 0, '2025-01-07 15:35:29', '2025-01-07 15:35:29'),
(463, 5, 7, 8, 0, 0, '2025-01-07 15:35:29', '2025-01-07 15:35:29'),
(464, 5, 8, 8, 0, 0, '2025-01-07 15:35:29', '2025-01-07 15:35:29'),
(465, 5, 5, 9, 0, 0, '2025-01-07 15:35:29', '2025-01-07 15:35:29'),
(466, 5, 6, 9, 0, 0, '2025-01-07 15:35:29', '2025-01-07 15:35:29'),
(467, 5, 7, 9, 0, 0, '2025-01-07 15:35:29', '2025-01-07 15:35:29'),
(468, 5, 8, 9, 0, 0, '2025-01-07 15:35:29', '2025-01-07 15:35:29'),
(469, 5, 5, 10, 0, 0, '2025-01-07 15:35:29', '2025-01-07 15:35:29'),
(470, 5, 6, 10, 0, 0, '2025-01-07 15:35:29', '2025-01-07 15:35:29'),
(471, 5, 7, 10, 0, 0, '2025-01-07 15:35:29', '2025-01-07 15:35:29'),
(472, 5, 8, 10, 0, 0, '2025-01-07 15:35:29', '2025-01-07 15:35:29'),
(481, 1, 9, 1, 0, 0, '2025-01-07 15:35:30', '2025-01-07 15:35:30'),
(482, 1, 10, 1, 0, 0, '2025-01-07 15:35:30', '2025-01-07 15:35:30'),
(483, 1, 11, 1, 0, 0, '2025-01-07 15:35:30', '2025-01-07 15:35:30'),
(484, 1, 12, 1, 0, 0, '2025-01-07 15:35:30', '2025-01-07 15:35:30'),
(485, 1, 9, 2, 0, 0, '2025-01-07 15:35:30', '2025-01-07 15:35:30'),
(486, 1, 10, 2, 0, 0, '2025-01-07 15:35:30', '2025-01-07 15:35:30'),
(487, 1, 11, 2, 0, 0, '2025-01-07 15:35:30', '2025-01-07 15:35:30'),
(488, 1, 12, 2, 0, 0, '2025-01-07 15:35:30', '2025-01-07 15:35:30'),
(489, 1, 9, 3, 0, 0, '2025-01-07 15:35:30', '2025-01-07 15:35:30'),
(490, 1, 10, 3, 0, 0, '2025-01-07 15:35:30', '2025-01-07 15:35:30'),
(491, 1, 11, 3, 0, 0, '2025-01-07 15:35:30', '2025-01-07 15:35:30'),
(492, 1, 12, 3, 0, 0, '2025-01-07 15:35:30', '2025-01-07 15:35:30'),
(493, 1, 9, 4, 0, 0, '2025-01-07 15:35:30', '2025-01-07 15:35:30'),
(494, 1, 10, 4, 0, 0, '2025-01-07 15:35:30', '2025-01-07 15:35:30'),
(495, 1, 11, 4, 0, 0, '2025-01-07 15:35:30', '2025-01-07 15:35:30'),
(496, 1, 12, 4, 0, 0, '2025-01-07 15:35:30', '2025-01-07 15:35:30'),
(497, 1, 9, 5, 0, 0, '2025-01-07 15:35:30', '2025-01-07 15:35:30'),
(498, 1, 10, 5, 0, 0, '2025-01-07 15:35:30', '2025-01-07 15:35:30'),
(499, 1, 11, 5, 0, 0, '2025-01-07 15:35:30', '2025-01-07 15:35:30'),
(500, 1, 12, 5, 0, 0, '2025-01-07 15:35:30', '2025-01-07 15:35:30'),
(501, 1, 9, 6, 0, 0, '2025-01-07 15:35:30', '2025-01-07 15:35:30'),
(502, 1, 10, 6, 0, 0, '2025-01-07 15:35:30', '2025-01-07 15:35:30'),
(503, 1, 11, 6, 0, 0, '2025-01-07 15:35:30', '2025-01-07 15:35:30'),
(504, 1, 12, 6, 0, 0, '2025-01-07 15:35:30', '2025-01-07 15:35:30'),
(505, 1, 9, 7, 0, 0, '2025-01-07 15:35:30', '2025-01-07 15:35:30'),
(506, 1, 10, 7, 0, 0, '2025-01-07 15:35:30', '2025-01-07 15:35:30'),
(507, 1, 11, 7, 0, 0, '2025-01-07 15:35:30', '2025-01-07 15:35:30'),
(508, 1, 12, 7, 0, 0, '2025-01-07 15:35:30', '2025-01-07 15:35:30'),
(509, 1, 9, 8, 0, 0, '2025-01-07 15:35:30', '2025-01-07 15:35:30'),
(510, 1, 10, 8, 0, 0, '2025-01-07 15:35:30', '2025-01-07 15:35:30'),
(511, 1, 11, 8, 0, 0, '2025-01-07 15:35:30', '2025-01-07 15:35:30'),
(512, 1, 12, 8, 0, 0, '2025-01-07 15:35:30', '2025-01-07 15:35:30'),
(513, 1, 9, 9, 0, 0, '2025-01-07 15:35:30', '2025-01-07 15:35:30'),
(514, 1, 10, 9, 0, 0, '2025-01-07 15:35:30', '2025-01-07 15:35:30'),
(515, 1, 11, 9, 0, 0, '2025-01-07 15:35:30', '2025-01-07 15:35:30'),
(516, 1, 12, 9, 0, 0, '2025-01-07 15:35:30', '2025-01-07 15:35:30'),
(517, 1, 9, 10, 0, 0, '2025-01-07 15:35:30', '2025-01-07 15:35:30'),
(518, 1, 10, 10, 0, 0, '2025-01-07 15:35:30', '2025-01-07 15:35:30'),
(519, 1, 11, 10, 0, 0, '2025-01-07 15:35:30', '2025-01-07 15:35:30'),
(520, 1, 12, 10, 0, 0, '2025-01-07 15:35:30', '2025-01-07 15:35:30'),
(529, 2, 9, 1, 0, 0, '2025-01-07 15:35:30', '2025-01-07 15:35:30'),
(530, 2, 10, 1, 0, 0, '2025-01-07 15:35:30', '2025-01-07 15:35:30'),
(531, 2, 11, 1, 0, 0, '2025-01-07 15:35:30', '2025-01-07 15:35:30'),
(532, 2, 12, 1, 0, 0, '2025-01-07 15:35:30', '2025-01-07 15:35:30'),
(533, 2, 9, 2, 0, 0, '2025-01-07 15:35:30', '2025-01-07 15:35:30'),
(534, 2, 10, 2, 0, 0, '2025-01-07 15:35:30', '2025-01-07 15:35:30'),
(535, 2, 11, 2, 0, 0, '2025-01-07 15:35:30', '2025-01-07 15:35:30'),
(536, 2, 12, 2, 0, 0, '2025-01-07 15:35:30', '2025-01-07 15:35:30'),
(537, 2, 9, 3, 0, 0, '2025-01-07 15:35:30', '2025-01-07 15:35:30'),
(538, 2, 10, 3, 0, 0, '2025-01-07 15:35:30', '2025-01-07 15:35:30'),
(539, 2, 11, 3, 0, 0, '2025-01-07 15:35:30', '2025-01-07 15:35:30'),
(540, 2, 12, 3, 0, 0, '2025-01-07 15:35:30', '2025-01-07 15:35:30'),
(541, 2, 9, 4, 0, 0, '2025-01-07 15:35:30', '2025-01-07 15:35:30'),
(542, 2, 10, 4, 0, 0, '2025-01-07 15:35:30', '2025-01-07 15:35:30'),
(543, 2, 11, 4, 0, 0, '2025-01-07 15:35:30', '2025-01-07 15:35:30'),
(544, 2, 12, 4, 0, 0, '2025-01-07 15:35:30', '2025-01-07 15:35:30'),
(545, 2, 9, 5, 0, 0, '2025-01-07 15:35:30', '2025-01-07 15:35:30'),
(546, 2, 10, 5, 0, 0, '2025-01-07 15:35:30', '2025-01-07 15:35:30'),
(547, 2, 11, 5, 0, 0, '2025-01-07 15:35:30', '2025-01-07 15:35:30'),
(548, 2, 12, 5, 0, 0, '2025-01-07 15:35:30', '2025-01-07 15:35:30'),
(549, 2, 9, 6, 0, 0, '2025-01-07 15:35:31', '2025-01-07 15:35:31'),
(550, 2, 10, 6, 0, 0, '2025-01-07 15:35:31', '2025-01-07 15:35:31'),
(551, 2, 11, 6, 0, 0, '2025-01-07 15:35:31', '2025-01-07 15:35:31'),
(552, 2, 12, 6, 0, 0, '2025-01-07 15:35:31', '2025-01-07 15:35:31'),
(553, 2, 9, 7, 0, 0, '2025-01-07 15:35:31', '2025-01-07 15:35:31'),
(554, 2, 10, 7, 0, 0, '2025-01-07 15:35:31', '2025-01-07 15:35:31'),
(555, 2, 11, 7, 0, 0, '2025-01-07 15:35:31', '2025-01-07 15:35:31'),
(556, 2, 12, 7, 0, 0, '2025-01-07 15:35:31', '2025-01-07 15:35:31'),
(557, 2, 9, 8, 0, 0, '2025-01-07 15:35:31', '2025-01-07 15:35:31'),
(558, 2, 10, 8, 0, 0, '2025-01-07 15:35:31', '2025-01-07 15:35:31'),
(559, 2, 11, 8, 0, 0, '2025-01-07 15:35:31', '2025-01-07 15:35:31'),
(560, 2, 12, 8, 0, 0, '2025-01-07 15:35:31', '2025-01-07 15:35:31'),
(561, 2, 9, 9, 0, 0, '2025-01-07 15:35:31', '2025-01-07 15:35:31'),
(562, 2, 10, 9, 0, 0, '2025-01-07 15:35:31', '2025-01-07 15:35:31'),
(563, 2, 11, 9, 0, 0, '2025-01-07 15:35:31', '2025-01-07 15:35:31'),
(564, 2, 12, 9, 0, 0, '2025-01-07 15:35:31', '2025-01-07 15:35:31'),
(565, 2, 9, 10, 0, 0, '2025-01-07 15:35:31', '2025-01-07 15:35:31'),
(566, 2, 10, 10, 0, 0, '2025-01-07 15:35:31', '2025-01-07 15:35:31'),
(567, 2, 11, 10, 0, 0, '2025-01-07 15:35:31', '2025-01-07 15:35:31'),
(568, 2, 12, 10, 0, 0, '2025-01-07 15:35:31', '2025-01-07 15:35:31'),
(577, 3, 9, 1, 0, 0, '2025-01-07 15:35:31', '2025-01-07 15:35:31'),
(578, 3, 10, 1, 0, 0, '2025-01-07 15:35:31', '2025-01-07 15:35:31'),
(579, 3, 11, 1, 0, 0, '2025-01-07 15:35:31', '2025-01-07 15:35:31'),
(580, 3, 12, 1, 0, 0, '2025-01-07 15:35:31', '2025-01-07 15:35:31'),
(581, 3, 9, 2, 0, 0, '2025-01-07 15:35:31', '2025-01-07 15:35:31'),
(582, 3, 10, 2, 0, 0, '2025-01-07 15:35:31', '2025-01-07 15:35:31'),
(583, 3, 11, 2, 0, 0, '2025-01-07 15:35:31', '2025-01-07 15:35:31'),
(584, 3, 12, 2, 0, 0, '2025-01-07 15:35:31', '2025-01-07 15:35:31'),
(585, 3, 9, 3, 0, 0, '2025-01-07 15:35:31', '2025-01-07 15:35:31'),
(586, 3, 10, 3, 0, 0, '2025-01-07 15:35:31', '2025-01-07 15:35:31'),
(587, 3, 11, 3, 0, 0, '2025-01-07 15:35:31', '2025-01-07 15:35:31'),
(588, 3, 12, 3, 0, 0, '2025-01-07 15:35:31', '2025-01-07 15:35:31'),
(589, 3, 9, 4, 0, 0, '2025-01-07 15:35:31', '2025-01-07 15:35:31'),
(590, 3, 10, 4, 0, 0, '2025-01-07 15:35:31', '2025-01-07 15:35:31'),
(591, 3, 11, 4, 0, 0, '2025-01-07 15:35:31', '2025-01-07 15:35:31'),
(592, 3, 12, 4, 0, 0, '2025-01-07 15:35:31', '2025-01-07 15:35:31'),
(593, 3, 9, 5, 0, 0, '2025-01-07 15:35:31', '2025-01-07 15:35:31'),
(594, 3, 10, 5, 0, 0, '2025-01-07 15:35:31', '2025-01-07 15:35:31'),
(595, 3, 11, 5, 0, 0, '2025-01-07 15:35:31', '2025-01-07 15:35:31'),
(596, 3, 12, 5, 0, 0, '2025-01-07 15:35:31', '2025-01-07 15:35:31'),
(597, 3, 9, 6, 0, 0, '2025-01-07 15:35:31', '2025-01-07 15:35:31'),
(598, 3, 10, 6, 0, 0, '2025-01-07 15:35:31', '2025-01-07 15:35:31'),
(599, 3, 11, 6, 0, 0, '2025-01-07 15:35:31', '2025-01-07 15:35:31'),
(600, 3, 12, 6, 0, 0, '2025-01-07 15:35:31', '2025-01-07 15:35:31'),
(601, 3, 9, 7, 0, 0, '2025-01-07 15:35:31', '2025-01-07 15:35:31'),
(602, 3, 10, 7, 0, 0, '2025-01-07 15:35:31', '2025-01-07 15:35:31'),
(603, 3, 11, 7, 0, 0, '2025-01-07 15:35:31', '2025-01-07 15:35:31'),
(604, 3, 12, 7, 0, 0, '2025-01-07 15:35:31', '2025-01-07 15:35:31'),
(605, 3, 9, 8, 0, 0, '2025-01-07 15:35:31', '2025-01-07 15:35:31'),
(606, 3, 10, 8, 0, 0, '2025-01-07 15:35:31', '2025-01-07 15:35:31'),
(607, 3, 11, 8, 0, 0, '2025-01-07 15:35:31', '2025-01-07 15:35:31'),
(608, 3, 12, 8, 0, 0, '2025-01-07 15:35:31', '2025-01-07 15:35:31'),
(609, 3, 9, 9, 0, 0, '2025-01-07 15:35:31', '2025-01-07 15:35:31'),
(610, 3, 10, 9, 0, 0, '2025-01-07 15:35:31', '2025-01-07 15:35:31'),
(611, 3, 11, 9, 0, 0, '2025-01-07 15:35:31', '2025-01-07 15:35:31'),
(612, 3, 12, 9, 0, 0, '2025-01-07 15:35:31', '2025-01-07 15:35:31'),
(613, 3, 9, 10, 0, 0, '2025-01-07 15:35:31', '2025-01-07 15:35:31'),
(614, 3, 10, 10, 0, 0, '2025-01-07 15:35:31', '2025-01-07 15:35:31'),
(615, 3, 11, 10, 0, 0, '2025-01-07 15:35:31', '2025-01-07 15:35:31'),
(616, 3, 12, 10, 0, 0, '2025-01-07 15:35:31', '2025-01-07 15:35:31'),
(625, 4, 9, 1, 0, 0, '2025-01-07 15:35:31', '2025-01-07 15:35:31'),
(626, 4, 10, 1, 0, 0, '2025-01-07 15:35:31', '2025-01-07 15:35:31'),
(627, 4, 11, 1, 0, 0, '2025-01-07 15:35:31', '2025-01-07 15:35:31'),
(628, 4, 12, 1, 0, 0, '2025-01-07 15:35:31', '2025-01-07 15:35:31'),
(629, 4, 9, 2, 0, 0, '2025-01-07 15:35:31', '2025-01-07 15:35:31'),
(630, 4, 10, 2, 0, 0, '2025-01-07 15:35:31', '2025-01-07 15:35:31'),
(631, 4, 11, 2, 0, 0, '2025-01-07 15:35:31', '2025-01-07 15:35:31'),
(632, 4, 12, 2, 0, 0, '2025-01-07 15:35:31', '2025-01-07 15:35:31'),
(633, 4, 9, 3, 0, 0, '2025-01-07 15:35:31', '2025-01-07 15:35:31'),
(634, 4, 10, 3, 0, 0, '2025-01-07 15:35:31', '2025-01-07 15:35:31'),
(635, 4, 11, 3, 0, 0, '2025-01-07 15:35:31', '2025-01-07 15:35:31'),
(636, 4, 12, 3, 0, 0, '2025-01-07 15:35:31', '2025-01-07 15:35:31'),
(637, 4, 9, 4, 0, 0, '2025-01-07 15:35:32', '2025-01-07 15:35:32'),
(638, 4, 10, 4, 0, 0, '2025-01-07 15:35:32', '2025-01-07 15:35:32'),
(639, 4, 11, 4, 0, 0, '2025-01-07 15:35:32', '2025-01-07 15:35:32'),
(640, 4, 12, 4, 0, 0, '2025-01-07 15:35:32', '2025-01-07 15:35:32'),
(641, 4, 9, 5, 0, 0, '2025-01-07 15:35:32', '2025-01-07 15:35:32'),
(642, 4, 10, 5, 0, 0, '2025-01-07 15:35:32', '2025-01-07 15:35:32'),
(643, 4, 11, 5, 0, 0, '2025-01-07 15:35:32', '2025-01-07 15:35:32'),
(644, 4, 12, 5, 0, 0, '2025-01-07 15:35:32', '2025-01-07 15:35:32'),
(645, 4, 9, 6, 0, 0, '2025-01-07 15:35:32', '2025-01-07 15:35:32'),
(646, 4, 10, 6, 0, 0, '2025-01-07 15:35:32', '2025-01-07 15:35:32'),
(647, 4, 11, 6, 0, 0, '2025-01-07 15:35:32', '2025-01-07 15:35:32'),
(648, 4, 12, 6, 0, 0, '2025-01-07 15:35:32', '2025-01-07 15:35:32'),
(649, 4, 9, 7, 0, 0, '2025-01-07 15:35:32', '2025-01-07 15:35:32'),
(650, 4, 10, 7, 0, 0, '2025-01-07 15:35:32', '2025-01-07 15:35:32'),
(651, 4, 11, 7, 0, 0, '2025-01-07 15:35:32', '2025-01-07 15:35:32'),
(652, 4, 12, 7, 0, 0, '2025-01-07 15:35:32', '2025-01-07 15:35:32'),
(653, 4, 9, 8, 0, 0, '2025-01-07 15:35:32', '2025-01-07 15:35:32'),
(654, 4, 10, 8, 0, 0, '2025-01-07 15:35:32', '2025-01-07 15:35:32'),
(655, 4, 11, 8, 0, 0, '2025-01-07 15:35:32', '2025-01-07 15:35:32'),
(656, 4, 12, 8, 0, 0, '2025-01-07 15:35:32', '2025-01-07 15:35:32'),
(657, 4, 9, 9, 0, 0, '2025-01-07 15:35:32', '2025-01-07 15:35:32'),
(658, 4, 10, 9, 0, 0, '2025-01-07 15:35:32', '2025-01-07 15:35:32'),
(659, 4, 11, 9, 0, 0, '2025-01-07 15:35:32', '2025-01-07 15:35:32'),
(660, 4, 12, 9, 0, 0, '2025-01-07 15:35:32', '2025-01-07 15:35:32'),
(661, 4, 9, 10, 0, 0, '2025-01-07 15:35:32', '2025-01-07 15:35:32'),
(662, 4, 10, 10, 0, 0, '2025-01-07 15:35:32', '2025-01-07 15:35:32'),
(663, 4, 11, 10, 0, 0, '2025-01-07 15:35:32', '2025-01-07 15:35:32'),
(664, 4, 12, 10, 0, 0, '2025-01-07 15:35:32', '2025-01-07 15:35:32'),
(673, 5, 9, 1, 0, 0, '2025-01-07 15:35:32', '2025-01-07 15:35:32'),
(674, 5, 10, 1, 0, 0, '2025-01-07 15:35:32', '2025-01-07 15:35:32'),
(675, 5, 11, 1, 0, 0, '2025-01-07 15:35:32', '2025-01-07 15:35:32'),
(676, 5, 12, 1, 0, 0, '2025-01-07 15:35:32', '2025-01-07 15:35:32'),
(677, 5, 9, 2, 0, 0, '2025-01-07 15:35:32', '2025-01-07 15:35:32'),
(678, 5, 10, 2, 0, 0, '2025-01-07 15:35:32', '2025-01-07 15:35:32'),
(679, 5, 11, 2, 0, 0, '2025-01-07 15:35:32', '2025-01-07 15:35:32'),
(680, 5, 12, 2, 0, 0, '2025-01-07 15:35:32', '2025-01-07 15:35:32'),
(681, 5, 9, 3, 0, 0, '2025-01-07 15:35:32', '2025-01-07 15:35:32'),
(682, 5, 10, 3, 0, 0, '2025-01-07 15:35:32', '2025-01-07 15:35:32'),
(683, 5, 11, 3, 0, 0, '2025-01-07 15:35:32', '2025-01-07 15:35:32'),
(684, 5, 12, 3, 0, 0, '2025-01-07 15:35:32', '2025-01-07 15:35:32'),
(685, 5, 9, 4, 0, 0, '2025-01-07 15:35:32', '2025-01-07 15:35:32'),
(686, 5, 10, 4, 0, 0, '2025-01-07 15:35:32', '2025-01-07 15:35:32'),
(687, 5, 11, 4, 0, 0, '2025-01-07 15:35:32', '2025-01-07 15:35:32'),
(688, 5, 12, 4, 0, 0, '2025-01-07 15:35:32', '2025-01-07 15:35:32'),
(689, 5, 9, 5, 0, 0, '2025-01-07 15:35:32', '2025-01-07 15:35:32'),
(690, 5, 10, 5, 0, 0, '2025-01-07 15:35:32', '2025-01-07 15:35:32'),
(691, 5, 11, 5, 0, 0, '2025-01-07 15:35:32', '2025-01-07 15:35:32'),
(692, 5, 12, 5, 0, 0, '2025-01-07 15:35:32', '2025-01-07 15:35:32'),
(693, 5, 9, 6, 0, 0, '2025-01-07 15:35:32', '2025-01-07 15:35:32'),
(694, 5, 10, 6, 0, 0, '2025-01-07 15:35:32', '2025-01-07 15:35:32'),
(695, 5, 11, 6, 0, 0, '2025-01-07 15:35:32', '2025-01-07 15:35:32'),
(696, 5, 12, 6, 0, 0, '2025-01-07 15:35:32', '2025-01-07 15:35:32'),
(697, 5, 9, 7, 0, 0, '2025-01-07 15:35:32', '2025-01-07 15:35:32'),
(698, 5, 10, 7, 0, 0, '2025-01-07 15:35:32', '2025-01-07 15:35:32'),
(699, 5, 11, 7, 0, 0, '2025-01-07 15:35:32', '2025-01-07 15:35:32'),
(700, 5, 12, 7, 0, 0, '2025-01-07 15:35:32', '2025-01-07 15:35:32'),
(701, 5, 9, 8, 0, 0, '2025-01-07 15:35:32', '2025-01-07 15:35:32'),
(702, 5, 10, 8, 0, 0, '2025-01-07 15:35:32', '2025-01-07 15:35:32'),
(703, 5, 11, 8, 0, 0, '2025-01-07 15:35:32', '2025-01-07 15:35:32'),
(704, 5, 12, 8, 0, 0, '2025-01-07 15:35:32', '2025-01-07 15:35:32'),
(705, 5, 9, 9, 0, 0, '2025-01-07 15:35:32', '2025-01-07 15:35:32'),
(706, 5, 10, 9, 0, 0, '2025-01-07 15:35:32', '2025-01-07 15:35:32'),
(707, 5, 11, 9, 0, 0, '2025-01-07 15:35:32', '2025-01-07 15:35:32'),
(708, 5, 12, 9, 0, 0, '2025-01-07 15:35:32', '2025-01-07 15:35:32'),
(709, 5, 9, 10, 0, 0, '2025-01-07 15:35:32', '2025-01-07 15:35:32'),
(710, 5, 10, 10, 0, 0, '2025-01-07 15:35:32', '2025-01-07 15:35:32'),
(711, 5, 11, 10, 0, 0, '2025-01-07 15:35:32', '2025-01-07 15:35:32'),
(712, 5, 12, 10, 0, 0, '2025-01-07 15:35:32', '2025-01-07 15:35:32'),
(721, 1, 13, 1, 0, 0, '2025-01-07 15:35:33', '2025-01-07 15:35:33'),
(722, 1, 14, 1, 0, 0, '2025-01-07 15:35:33', '2025-01-07 15:35:33'),
(723, 1, 15, 1, 0, 0, '2025-01-07 15:35:33', '2025-01-07 15:35:33'),
(724, 1, 16, 1, 0, 0, '2025-01-07 15:35:33', '2025-01-07 15:35:33'),
(725, 1, 13, 2, 0, 0, '2025-01-07 15:35:33', '2025-01-07 15:35:33'),
(726, 1, 14, 2, 0, 0, '2025-01-07 15:35:33', '2025-01-07 15:35:33'),
(727, 1, 15, 2, 0, 0, '2025-01-07 15:35:33', '2025-01-07 15:35:33'),
(728, 1, 16, 2, 0, 0, '2025-01-07 15:35:33', '2025-01-07 15:35:33'),
(729, 1, 13, 3, 0, 0, '2025-01-07 15:35:33', '2025-01-07 15:35:33'),
(730, 1, 14, 3, 0, 0, '2025-01-07 15:35:33', '2025-01-07 15:35:33'),
(731, 1, 15, 3, 0, 0, '2025-01-07 15:35:33', '2025-01-07 15:35:33'),
(732, 1, 16, 3, 0, 0, '2025-01-07 15:35:33', '2025-01-07 15:35:33'),
(733, 1, 13, 4, 0, 0, '2025-01-07 15:35:33', '2025-01-07 15:35:33'),
(734, 1, 14, 4, 0, 0, '2025-01-07 15:35:33', '2025-01-07 15:35:33'),
(735, 1, 15, 4, 0, 0, '2025-01-07 15:35:33', '2025-01-07 15:35:33'),
(736, 1, 16, 4, 0, 0, '2025-01-07 15:35:33', '2025-01-07 15:35:33'),
(737, 1, 13, 5, 0, 0, '2025-01-07 15:35:33', '2025-01-07 15:35:33'),
(738, 1, 14, 5, 0, 0, '2025-01-07 15:35:33', '2025-01-07 15:35:33'),
(739, 1, 15, 5, 0, 0, '2025-01-07 15:35:33', '2025-01-07 15:35:33'),
(740, 1, 16, 5, 0, 0, '2025-01-07 15:35:33', '2025-01-07 15:35:33'),
(741, 1, 13, 6, 0, 0, '2025-01-07 15:35:33', '2025-01-07 15:35:33'),
(742, 1, 14, 6, 0, 0, '2025-01-07 15:35:33', '2025-01-07 15:35:33'),
(743, 1, 15, 6, 0, 0, '2025-01-07 15:35:33', '2025-01-07 15:35:33'),
(744, 1, 16, 6, 0, 0, '2025-01-07 15:35:33', '2025-01-07 15:35:33'),
(745, 1, 13, 7, 0, 0, '2025-01-07 15:35:33', '2025-01-07 15:35:33'),
(746, 1, 14, 7, 0, 0, '2025-01-07 15:35:33', '2025-01-07 15:35:33'),
(747, 1, 15, 7, 0, 0, '2025-01-07 15:35:33', '2025-01-07 15:35:33'),
(748, 1, 16, 7, 0, 0, '2025-01-07 15:35:33', '2025-01-07 15:35:33'),
(749, 1, 13, 8, 0, 0, '2025-01-07 15:35:33', '2025-01-07 15:35:33'),
(750, 1, 14, 8, 0, 0, '2025-01-07 15:35:33', '2025-01-07 15:35:33'),
(751, 1, 15, 8, 0, 0, '2025-01-07 15:35:33', '2025-01-07 15:35:33'),
(752, 1, 16, 8, 0, 0, '2025-01-07 15:35:33', '2025-01-07 15:35:33'),
(753, 1, 13, 9, 0, 0, '2025-01-07 15:35:33', '2025-01-07 15:35:33'),
(754, 1, 14, 9, 0, 0, '2025-01-07 15:35:33', '2025-01-07 15:35:33'),
(755, 1, 15, 9, 0, 0, '2025-01-07 15:35:33', '2025-01-07 15:35:33'),
(756, 1, 16, 9, 0, 0, '2025-01-07 15:35:33', '2025-01-07 15:35:33'),
(757, 1, 13, 10, 0, 0, '2025-01-07 15:35:33', '2025-01-07 15:35:33'),
(758, 1, 14, 10, 0, 0, '2025-01-07 15:35:33', '2025-01-07 15:35:33'),
(759, 1, 15, 10, 0, 0, '2025-01-07 15:35:33', '2025-01-07 15:35:33'),
(760, 1, 16, 10, 0, 0, '2025-01-07 15:35:33', '2025-01-07 15:35:33'),
(769, 2, 13, 1, 0, 0, '2025-01-07 15:35:33', '2025-01-07 15:35:33'),
(770, 2, 14, 1, 0, 0, '2025-01-07 15:35:33', '2025-01-07 15:35:33'),
(771, 2, 15, 1, 0, 0, '2025-01-07 15:35:33', '2025-01-07 15:35:33'),
(772, 2, 16, 1, 0, 0, '2025-01-07 15:35:33', '2025-01-07 15:35:33'),
(773, 2, 13, 2, 0, 0, '2025-01-07 15:35:33', '2025-01-07 15:35:33'),
(774, 2, 14, 2, 0, 0, '2025-01-07 15:35:33', '2025-01-07 15:35:33'),
(775, 2, 15, 2, 0, 0, '2025-01-07 15:35:33', '2025-01-07 15:35:33'),
(776, 2, 16, 2, 0, 0, '2025-01-07 15:35:33', '2025-01-07 15:35:33'),
(777, 2, 13, 3, 0, 0, '2025-01-07 15:35:33', '2025-01-07 15:35:33'),
(778, 2, 14, 3, 0, 0, '2025-01-07 15:35:33', '2025-01-07 15:35:33'),
(779, 2, 15, 3, 0, 0, '2025-01-07 15:35:33', '2025-01-07 15:35:33'),
(780, 2, 16, 3, 0, 0, '2025-01-07 15:35:33', '2025-01-07 15:35:33'),
(781, 2, 13, 4, 0, 0, '2025-01-07 15:35:33', '2025-01-07 15:35:33'),
(782, 2, 14, 4, 0, 0, '2025-01-07 15:35:33', '2025-01-07 15:35:33'),
(783, 2, 15, 4, 0, 0, '2025-01-07 15:35:33', '2025-01-07 15:35:33'),
(784, 2, 16, 4, 0, 0, '2025-01-07 15:35:33', '2025-01-07 15:35:33'),
(785, 2, 13, 5, 0, 0, '2025-01-07 15:35:33', '2025-01-07 15:35:33'),
(786, 2, 14, 5, 0, 0, '2025-01-07 15:35:33', '2025-01-07 15:35:33'),
(787, 2, 15, 5, 0, 0, '2025-01-07 15:35:33', '2025-01-07 15:35:33'),
(788, 2, 16, 5, 0, 0, '2025-01-07 15:35:33', '2025-01-07 15:35:33'),
(789, 2, 13, 6, 0, 0, '2025-01-07 15:35:33', '2025-01-07 15:35:33'),
(790, 2, 14, 6, 0, 0, '2025-01-07 15:35:33', '2025-01-07 15:35:33'),
(791, 2, 15, 6, 0, 0, '2025-01-07 15:35:33', '2025-01-07 15:35:33'),
(792, 2, 16, 6, 0, 0, '2025-01-07 15:35:33', '2025-01-07 15:35:33'),
(793, 2, 13, 7, 0, 0, '2025-01-07 15:35:33', '2025-01-07 15:35:33'),
(794, 2, 14, 7, 0, 0, '2025-01-07 15:35:33', '2025-01-07 15:35:33'),
(795, 2, 15, 7, 0, 0, '2025-01-07 15:35:33', '2025-01-07 15:35:33'),
(796, 2, 16, 7, 0, 0, '2025-01-07 15:35:33', '2025-01-07 15:35:33'),
(797, 2, 13, 8, 0, 0, '2025-01-07 15:35:34', '2025-01-07 15:35:34'),
(798, 2, 14, 8, 0, 0, '2025-01-07 15:35:34', '2025-01-07 15:35:34'),
(799, 2, 15, 8, 0, 0, '2025-01-07 15:35:34', '2025-01-07 15:35:34'),
(800, 2, 16, 8, 0, 0, '2025-01-07 15:35:34', '2025-01-07 15:35:34'),
(801, 2, 13, 9, 0, 0, '2025-01-07 15:35:34', '2025-01-07 15:35:34'),
(802, 2, 14, 9, 0, 0, '2025-01-07 15:35:34', '2025-01-07 15:35:34'),
(803, 2, 15, 9, 0, 0, '2025-01-07 15:35:34', '2025-01-07 15:35:34'),
(804, 2, 16, 9, 0, 0, '2025-01-07 15:35:34', '2025-01-07 15:35:34'),
(805, 2, 13, 10, 0, 0, '2025-01-07 15:35:34', '2025-01-07 15:35:34'),
(806, 2, 14, 10, 0, 0, '2025-01-07 15:35:34', '2025-01-07 15:35:34'),
(807, 2, 15, 10, 0, 0, '2025-01-07 15:35:34', '2025-01-07 15:35:34'),
(808, 2, 16, 10, 0, 0, '2025-01-07 15:35:34', '2025-01-07 15:35:34'),
(817, 3, 13, 1, 0, 0, '2025-01-07 15:35:34', '2025-01-07 15:35:34'),
(818, 3, 14, 1, 0, 0, '2025-01-07 15:35:34', '2025-01-07 15:35:34'),
(819, 3, 15, 1, 0, 0, '2025-01-07 15:35:34', '2025-01-07 15:35:34'),
(820, 3, 16, 1, 0, 0, '2025-01-07 15:35:34', '2025-01-07 15:35:34'),
(821, 3, 13, 2, 0, 0, '2025-01-07 15:35:34', '2025-01-07 15:35:34'),
(822, 3, 14, 2, 0, 0, '2025-01-07 15:35:34', '2025-01-07 15:35:34'),
(823, 3, 15, 2, 0, 0, '2025-01-07 15:35:34', '2025-01-07 15:35:34'),
(824, 3, 16, 2, 0, 0, '2025-01-07 15:35:34', '2025-01-07 15:35:34'),
(825, 3, 13, 3, 0, 0, '2025-01-07 15:35:34', '2025-01-07 15:35:34'),
(826, 3, 14, 3, 0, 0, '2025-01-07 15:35:34', '2025-01-07 15:35:34'),
(827, 3, 15, 3, 0, 0, '2025-01-07 15:35:34', '2025-01-07 15:35:34'),
(828, 3, 16, 3, 0, 0, '2025-01-07 15:35:34', '2025-01-07 15:35:34'),
(829, 3, 13, 4, 0, 0, '2025-01-07 15:35:34', '2025-01-07 15:35:34'),
(830, 3, 14, 4, 0, 0, '2025-01-07 15:35:34', '2025-01-07 15:35:34'),
(831, 3, 15, 4, 0, 0, '2025-01-07 15:35:34', '2025-01-07 15:35:34'),
(832, 3, 16, 4, 0, 0, '2025-01-07 15:35:34', '2025-01-07 15:35:34'),
(833, 3, 13, 5, 0, 0, '2025-01-07 15:35:34', '2025-01-07 15:35:34'),
(834, 3, 14, 5, 0, 0, '2025-01-07 15:35:34', '2025-01-07 15:35:34'),
(835, 3, 15, 5, 0, 0, '2025-01-07 15:35:34', '2025-01-07 15:35:34'),
(836, 3, 16, 5, 0, 0, '2025-01-07 15:35:34', '2025-01-07 15:35:34'),
(837, 3, 13, 6, 0, 0, '2025-01-07 15:35:34', '2025-01-07 15:35:34'),
(838, 3, 14, 6, 0, 0, '2025-01-07 15:35:34', '2025-01-07 15:35:34'),
(839, 3, 15, 6, 0, 0, '2025-01-07 15:35:34', '2025-01-07 15:35:34'),
(840, 3, 16, 6, 0, 0, '2025-01-07 15:35:34', '2025-01-07 15:35:34'),
(841, 3, 13, 7, 0, 0, '2025-01-07 15:35:34', '2025-01-07 15:35:34'),
(842, 3, 14, 7, 0, 0, '2025-01-07 15:35:34', '2025-01-07 15:35:34'),
(843, 3, 15, 7, 0, 0, '2025-01-07 15:35:34', '2025-01-07 15:35:34'),
(844, 3, 16, 7, 0, 0, '2025-01-07 15:35:34', '2025-01-07 15:35:34'),
(845, 3, 13, 8, 0, 0, '2025-01-07 15:35:34', '2025-01-07 15:35:34'),
(846, 3, 14, 8, 0, 0, '2025-01-07 15:35:34', '2025-01-07 15:35:34'),
(847, 3, 15, 8, 0, 0, '2025-01-07 15:35:34', '2025-01-07 15:35:34'),
(848, 3, 16, 8, 0, 0, '2025-01-07 15:35:34', '2025-01-07 15:35:34'),
(849, 3, 13, 9, 0, 0, '2025-01-07 15:35:34', '2025-01-07 15:35:34'),
(850, 3, 14, 9, 0, 0, '2025-01-07 15:35:34', '2025-01-07 15:35:34'),
(851, 3, 15, 9, 0, 0, '2025-01-07 15:35:34', '2025-01-07 15:35:34'),
(852, 3, 16, 9, 0, 0, '2025-01-07 15:35:34', '2025-01-07 15:35:34'),
(853, 3, 13, 10, 0, 0, '2025-01-07 15:35:34', '2025-01-07 15:35:34'),
(854, 3, 14, 10, 0, 0, '2025-01-07 15:35:34', '2025-01-07 15:35:34'),
(855, 3, 15, 10, 0, 0, '2025-01-07 15:35:34', '2025-01-07 15:35:34'),
(856, 3, 16, 10, 0, 0, '2025-01-07 15:35:34', '2025-01-07 15:35:34'),
(865, 4, 13, 1, 0, 0, '2025-01-07 15:35:34', '2025-01-07 15:35:34'),
(866, 4, 14, 1, 0, 0, '2025-01-07 15:35:34', '2025-01-07 15:35:34'),
(867, 4, 15, 1, 0, 0, '2025-01-07 15:35:34', '2025-01-07 15:35:34'),
(868, 4, 16, 1, 0, 0, '2025-01-07 15:35:34', '2025-01-07 15:35:34'),
(869, 4, 13, 2, 0, 0, '2025-01-07 15:35:34', '2025-01-07 15:35:34'),
(870, 4, 14, 2, 0, 0, '2025-01-07 15:35:34', '2025-01-07 15:35:34'),
(871, 4, 15, 2, 0, 0, '2025-01-07 15:35:34', '2025-01-07 15:35:34'),
(872, 4, 16, 2, 0, 0, '2025-01-07 15:35:34', '2025-01-07 15:35:34'),
(873, 4, 13, 3, 0, 0, '2025-01-07 15:35:34', '2025-01-07 15:35:34'),
(874, 4, 14, 3, 0, 0, '2025-01-07 15:35:34', '2025-01-07 15:35:34'),
(875, 4, 15, 3, 0, 0, '2025-01-07 15:35:34', '2025-01-07 15:35:34'),
(876, 4, 16, 3, 0, 0, '2025-01-07 15:35:34', '2025-01-07 15:35:34'),
(877, 4, 13, 4, 0, 0, '2025-01-07 15:35:34', '2025-01-07 15:35:34'),
(878, 4, 14, 4, 0, 0, '2025-01-07 15:35:35', '2025-01-07 15:35:35'),
(879, 4, 15, 4, 0, 0, '2025-01-07 15:35:35', '2025-01-07 15:35:35'),
(880, 4, 16, 4, 0, 0, '2025-01-07 15:35:35', '2025-01-07 15:35:35'),
(881, 4, 13, 5, 0, 0, '2025-01-07 15:35:35', '2025-01-07 15:35:35'),
(882, 4, 14, 5, 0, 0, '2025-01-07 15:35:35', '2025-01-07 15:35:35'),
(883, 4, 15, 5, 0, 0, '2025-01-07 15:35:35', '2025-01-07 15:35:35'),
(884, 4, 16, 5, 0, 0, '2025-01-07 15:35:35', '2025-01-07 15:35:35'),
(885, 4, 13, 6, 0, 0, '2025-01-07 15:35:35', '2025-01-07 15:35:35'),
(886, 4, 14, 6, 0, 0, '2025-01-07 15:35:35', '2025-01-07 15:35:35'),
(887, 4, 15, 6, 0, 0, '2025-01-07 15:35:35', '2025-01-07 15:35:35'),
(888, 4, 16, 6, 0, 0, '2025-01-07 15:35:35', '2025-01-07 15:35:35'),
(889, 4, 13, 7, 0, 0, '2025-01-07 15:35:35', '2025-01-07 15:35:35'),
(890, 4, 14, 7, 0, 0, '2025-01-07 15:35:35', '2025-01-07 15:35:35'),
(891, 4, 15, 7, 0, 0, '2025-01-07 15:35:35', '2025-01-07 15:35:35'),
(892, 4, 16, 7, 0, 0, '2025-01-07 15:35:35', '2025-01-07 15:35:35'),
(893, 4, 13, 8, 0, 0, '2025-01-07 15:35:35', '2025-01-07 15:35:35'),
(894, 4, 14, 8, 0, 0, '2025-01-07 15:35:35', '2025-01-07 15:35:35'),
(895, 4, 15, 8, 0, 0, '2025-01-07 15:35:35', '2025-01-07 15:35:35');
INSERT INTO `ratings` (`id`, `judge_id`, `criteria_id`, `team_id`, `value`, `is_locked`, `created_at`, `updated_at`) VALUES
(896, 4, 16, 8, 0, 0, '2025-01-07 15:35:35', '2025-01-07 15:35:35'),
(897, 4, 13, 9, 0, 0, '2025-01-07 15:35:35', '2025-01-07 15:35:35'),
(898, 4, 14, 9, 0, 0, '2025-01-07 15:35:35', '2025-01-07 15:35:35'),
(899, 4, 15, 9, 0, 0, '2025-01-07 15:35:35', '2025-01-07 15:35:35'),
(900, 4, 16, 9, 0, 0, '2025-01-07 15:35:35', '2025-01-07 15:35:35'),
(901, 4, 13, 10, 0, 0, '2025-01-07 15:35:35', '2025-01-07 15:35:35'),
(902, 4, 14, 10, 0, 0, '2025-01-07 15:35:35', '2025-01-07 15:35:35'),
(903, 4, 15, 10, 0, 0, '2025-01-07 15:35:35', '2025-01-07 15:35:35'),
(904, 4, 16, 10, 0, 0, '2025-01-07 15:35:35', '2025-01-07 15:35:35'),
(913, 5, 13, 1, 0, 0, '2025-01-07 15:35:35', '2025-01-07 15:35:35'),
(914, 5, 14, 1, 0, 0, '2025-01-07 15:35:35', '2025-01-07 15:35:35'),
(915, 5, 15, 1, 0, 0, '2025-01-07 15:35:35', '2025-01-07 15:35:35'),
(916, 5, 16, 1, 0, 0, '2025-01-07 15:35:35', '2025-01-07 15:35:35'),
(917, 5, 13, 2, 0, 0, '2025-01-07 15:35:35', '2025-01-07 15:35:35'),
(918, 5, 14, 2, 0, 0, '2025-01-07 15:35:35', '2025-01-07 15:35:35'),
(919, 5, 15, 2, 0, 0, '2025-01-07 15:35:35', '2025-01-07 15:35:35'),
(920, 5, 16, 2, 0, 0, '2025-01-07 15:35:35', '2025-01-07 15:35:35'),
(921, 5, 13, 3, 0, 0, '2025-01-07 15:35:35', '2025-01-07 15:35:35'),
(922, 5, 14, 3, 0, 0, '2025-01-07 15:35:35', '2025-01-07 15:35:35'),
(923, 5, 15, 3, 0, 0, '2025-01-07 15:35:35', '2025-01-07 15:35:35'),
(924, 5, 16, 3, 0, 0, '2025-01-07 15:35:35', '2025-01-07 15:35:35'),
(925, 5, 13, 4, 0, 0, '2025-01-07 15:35:35', '2025-01-07 15:35:35'),
(926, 5, 14, 4, 0, 0, '2025-01-07 15:35:35', '2025-01-07 15:35:35'),
(927, 5, 15, 4, 0, 0, '2025-01-07 15:35:35', '2025-01-07 15:35:35'),
(928, 5, 16, 4, 0, 0, '2025-01-07 15:35:35', '2025-01-07 15:35:35'),
(929, 5, 13, 5, 0, 0, '2025-01-07 15:35:35', '2025-01-07 15:35:35'),
(930, 5, 14, 5, 0, 0, '2025-01-07 15:35:35', '2025-01-07 15:35:35'),
(931, 5, 15, 5, 0, 0, '2025-01-07 15:35:35', '2025-01-07 15:35:35'),
(932, 5, 16, 5, 0, 0, '2025-01-07 15:35:35', '2025-01-07 15:35:35'),
(933, 5, 13, 6, 0, 0, '2025-01-07 15:35:35', '2025-01-07 15:35:35'),
(934, 5, 14, 6, 0, 0, '2025-01-07 15:35:35', '2025-01-07 15:35:35'),
(935, 5, 15, 6, 0, 0, '2025-01-07 15:35:35', '2025-01-07 15:35:35'),
(936, 5, 16, 6, 0, 0, '2025-01-07 15:35:35', '2025-01-07 15:35:35'),
(937, 5, 13, 7, 0, 0, '2025-01-07 15:35:35', '2025-01-07 15:35:35'),
(938, 5, 14, 7, 0, 0, '2025-01-07 15:35:35', '2025-01-07 15:35:35'),
(939, 5, 15, 7, 0, 0, '2025-01-07 15:35:35', '2025-01-07 15:35:35'),
(940, 5, 16, 7, 0, 0, '2025-01-07 15:35:35', '2025-01-07 15:35:35'),
(941, 5, 13, 8, 0, 0, '2025-01-07 15:35:35', '2025-01-07 15:35:35'),
(942, 5, 14, 8, 0, 0, '2025-01-07 15:35:35', '2025-01-07 15:35:35'),
(943, 5, 15, 8, 0, 0, '2025-01-07 15:35:35', '2025-01-07 15:35:35'),
(944, 5, 16, 8, 0, 0, '2025-01-07 15:35:35', '2025-01-07 15:35:35'),
(945, 5, 13, 9, 0, 0, '2025-01-07 15:35:35', '2025-01-07 15:35:35'),
(946, 5, 14, 9, 0, 0, '2025-01-07 15:35:35', '2025-01-07 15:35:35'),
(947, 5, 15, 9, 0, 0, '2025-01-07 15:35:35', '2025-01-07 15:35:35'),
(948, 5, 16, 9, 0, 0, '2025-01-07 15:35:35', '2025-01-07 15:35:35'),
(949, 5, 13, 10, 0, 0, '2025-01-07 15:35:35', '2025-01-07 15:35:35'),
(950, 5, 14, 10, 0, 0, '2025-01-07 15:35:35', '2025-01-07 15:35:35'),
(951, 5, 15, 10, 0, 0, '2025-01-07 15:35:35', '2025-01-07 15:35:35'),
(952, 5, 16, 10, 0, 0, '2025-01-07 15:35:35', '2025-01-07 15:35:35'),
(961, 1, 21, 1, 0, 0, '2025-01-07 15:52:45', '2025-01-07 15:52:45'),
(962, 1, 22, 1, 0, 0, '2025-01-07 15:52:45', '2025-01-07 15:52:45'),
(963, 1, 23, 1, 0, 0, '2025-01-07 15:52:45', '2025-01-07 15:52:45'),
(964, 1, 21, 2, 0, 0, '2025-01-07 15:52:45', '2025-01-07 15:52:45'),
(965, 1, 22, 2, 0, 0, '2025-01-07 15:52:45', '2025-01-07 15:52:45'),
(966, 1, 23, 2, 0, 0, '2025-01-07 15:52:45', '2025-01-07 15:52:45'),
(967, 1, 21, 3, 0, 0, '2025-01-07 15:52:45', '2025-01-07 15:52:45'),
(968, 1, 22, 3, 0, 0, '2025-01-07 15:52:45', '2025-01-07 15:52:45'),
(969, 1, 23, 3, 0, 0, '2025-01-07 15:52:45', '2025-01-07 15:52:45'),
(970, 1, 21, 4, 0, 0, '2025-01-07 15:52:45', '2025-01-07 15:52:45'),
(971, 1, 22, 4, 0, 0, '2025-01-07 15:52:45', '2025-01-07 15:52:45'),
(972, 1, 23, 4, 0, 0, '2025-01-07 15:52:45', '2025-01-07 15:52:45'),
(973, 1, 21, 5, 0, 0, '2025-01-07 15:52:45', '2025-01-07 15:52:45'),
(974, 1, 22, 5, 0, 0, '2025-01-07 15:52:45', '2025-01-07 15:52:45'),
(975, 1, 23, 5, 0, 0, '2025-01-07 15:52:45', '2025-01-07 15:52:45'),
(976, 1, 21, 6, 0, 0, '2025-01-07 15:52:45', '2025-01-07 15:52:45'),
(977, 1, 22, 6, 0, 0, '2025-01-07 15:52:45', '2025-01-07 15:52:45'),
(978, 1, 23, 6, 0, 0, '2025-01-07 15:52:45', '2025-01-07 15:52:45'),
(979, 1, 21, 7, 0, 0, '2025-01-07 15:52:45', '2025-01-07 15:52:45'),
(980, 1, 22, 7, 0, 0, '2025-01-07 15:52:45', '2025-01-07 15:52:45'),
(981, 1, 23, 7, 0, 0, '2025-01-07 15:52:45', '2025-01-07 15:52:45'),
(982, 1, 21, 8, 0, 0, '2025-01-07 15:52:45', '2025-01-07 15:52:45'),
(983, 1, 22, 8, 0, 0, '2025-01-07 15:52:45', '2025-01-07 15:52:45'),
(984, 1, 23, 8, 0, 0, '2025-01-07 15:52:45', '2025-01-07 15:52:45'),
(985, 1, 21, 9, 0, 0, '2025-01-07 15:52:45', '2025-01-07 15:52:45'),
(986, 1, 22, 9, 0, 0, '2025-01-07 15:52:45', '2025-01-07 15:52:45'),
(987, 1, 23, 9, 0, 0, '2025-01-07 15:52:45', '2025-01-07 15:52:45'),
(988, 1, 21, 10, 0, 0, '2025-01-07 15:52:45', '2025-01-07 15:52:45'),
(989, 1, 22, 10, 0, 0, '2025-01-07 15:52:45', '2025-01-07 15:52:45'),
(990, 1, 23, 10, 0, 0, '2025-01-07 15:52:45', '2025-01-07 15:52:45'),
(991, 2, 21, 1, 0, 0, '2025-01-07 15:52:54', '2025-01-07 15:52:54'),
(992, 2, 22, 1, 0, 0, '2025-01-07 15:52:54', '2025-01-07 15:52:54'),
(993, 2, 23, 1, 0, 0, '2025-01-07 15:52:54', '2025-01-07 15:52:54'),
(994, 2, 21, 2, 0, 0, '2025-01-07 15:52:54', '2025-01-07 15:52:54'),
(995, 2, 22, 2, 0, 0, '2025-01-07 15:52:54', '2025-01-07 15:52:54'),
(996, 2, 23, 2, 0, 0, '2025-01-07 15:52:54', '2025-01-07 15:52:54'),
(997, 2, 21, 3, 0, 0, '2025-01-07 15:52:54', '2025-01-07 15:52:54'),
(998, 2, 22, 3, 0, 0, '2025-01-07 15:52:54', '2025-01-07 15:52:54'),
(999, 2, 23, 3, 0, 0, '2025-01-07 15:52:54', '2025-01-07 15:52:54'),
(1000, 2, 21, 4, 0, 0, '2025-01-07 15:52:54', '2025-01-07 15:52:54'),
(1001, 2, 22, 4, 0, 0, '2025-01-07 15:52:54', '2025-01-07 15:52:54'),
(1002, 2, 23, 4, 0, 0, '2025-01-07 15:52:54', '2025-01-07 15:52:54'),
(1003, 2, 21, 5, 0, 0, '2025-01-07 15:52:54', '2025-01-07 15:52:54'),
(1004, 2, 22, 5, 0, 0, '2025-01-07 15:52:54', '2025-01-07 15:52:54'),
(1005, 2, 23, 5, 0, 0, '2025-01-07 15:52:54', '2025-01-07 15:52:54'),
(1006, 2, 21, 6, 0, 0, '2025-01-07 15:52:54', '2025-01-07 15:52:54'),
(1007, 2, 22, 6, 0, 0, '2025-01-07 15:52:54', '2025-01-07 15:52:54'),
(1008, 2, 23, 6, 0, 0, '2025-01-07 15:52:54', '2025-01-07 15:52:54'),
(1009, 2, 21, 7, 0, 0, '2025-01-07 15:52:54', '2025-01-07 15:52:54'),
(1010, 2, 22, 7, 0, 0, '2025-01-07 15:52:54', '2025-01-07 15:52:54'),
(1011, 2, 23, 7, 0, 0, '2025-01-07 15:52:54', '2025-01-07 15:52:54'),
(1012, 2, 21, 8, 0, 0, '2025-01-07 15:52:54', '2025-01-07 15:52:54'),
(1013, 2, 22, 8, 0, 0, '2025-01-07 15:52:54', '2025-01-07 15:52:54'),
(1014, 2, 23, 8, 0, 0, '2025-01-07 15:52:54', '2025-01-07 15:52:54'),
(1015, 2, 21, 9, 0, 0, '2025-01-07 15:52:54', '2025-01-07 15:52:54'),
(1016, 2, 22, 9, 0, 0, '2025-01-07 15:52:54', '2025-01-07 15:52:54'),
(1017, 2, 23, 9, 0, 0, '2025-01-07 15:52:54', '2025-01-07 15:52:54'),
(1018, 2, 21, 10, 0, 0, '2025-01-07 15:52:54', '2025-01-07 15:52:54'),
(1019, 2, 22, 10, 0, 0, '2025-01-07 15:52:54', '2025-01-07 15:52:54'),
(1020, 2, 23, 10, 0, 0, '2025-01-07 15:52:54', '2025-01-07 15:52:54'),
(1021, 3, 21, 1, 0, 0, '2025-01-07 15:53:02', '2025-01-07 15:53:02'),
(1022, 3, 22, 1, 0, 0, '2025-01-07 15:53:02', '2025-01-07 15:53:02'),
(1023, 3, 23, 1, 0, 0, '2025-01-07 15:53:02', '2025-01-07 15:53:02'),
(1024, 3, 21, 2, 0, 0, '2025-01-07 15:53:02', '2025-01-07 15:53:02'),
(1025, 3, 22, 2, 0, 0, '2025-01-07 15:53:02', '2025-01-07 15:53:02'),
(1026, 3, 23, 2, 0, 0, '2025-01-07 15:53:02', '2025-01-07 15:53:02'),
(1027, 3, 21, 3, 0, 0, '2025-01-07 15:53:02', '2025-01-07 15:53:02'),
(1028, 3, 22, 3, 0, 0, '2025-01-07 15:53:02', '2025-01-07 15:53:02'),
(1029, 3, 23, 3, 0, 0, '2025-01-07 15:53:02', '2025-01-07 15:53:02'),
(1030, 3, 21, 4, 0, 0, '2025-01-07 15:53:02', '2025-01-07 15:53:02'),
(1031, 3, 22, 4, 0, 0, '2025-01-07 15:53:02', '2025-01-07 15:53:02'),
(1032, 3, 23, 4, 0, 0, '2025-01-07 15:53:02', '2025-01-07 15:53:02'),
(1033, 3, 21, 5, 0, 0, '2025-01-07 15:53:02', '2025-01-07 15:53:02'),
(1034, 3, 22, 5, 0, 0, '2025-01-07 15:53:02', '2025-01-07 15:53:02'),
(1035, 3, 23, 5, 0, 0, '2025-01-07 15:53:02', '2025-01-07 15:53:02'),
(1036, 3, 21, 6, 0, 0, '2025-01-07 15:53:02', '2025-01-07 15:53:02'),
(1037, 3, 22, 6, 0, 0, '2025-01-07 15:53:02', '2025-01-07 15:53:02'),
(1038, 3, 23, 6, 0, 0, '2025-01-07 15:53:02', '2025-01-07 15:53:02'),
(1039, 3, 21, 7, 0, 0, '2025-01-07 15:53:02', '2025-01-07 15:53:02'),
(1040, 3, 22, 7, 0, 0, '2025-01-07 15:53:02', '2025-01-07 15:53:02'),
(1041, 3, 23, 7, 0, 0, '2025-01-07 15:53:02', '2025-01-07 15:53:02'),
(1042, 3, 21, 8, 0, 0, '2025-01-07 15:53:02', '2025-01-07 15:53:02'),
(1043, 3, 22, 8, 0, 0, '2025-01-07 15:53:02', '2025-01-07 15:53:02'),
(1044, 3, 23, 8, 0, 0, '2025-01-07 15:53:02', '2025-01-07 15:53:02'),
(1045, 3, 21, 9, 0, 0, '2025-01-07 15:53:02', '2025-01-07 15:53:02'),
(1046, 3, 22, 9, 0, 0, '2025-01-07 15:53:02', '2025-01-07 15:53:02'),
(1047, 3, 23, 9, 0, 0, '2025-01-07 15:53:02', '2025-01-07 15:53:02'),
(1048, 3, 21, 10, 0, 0, '2025-01-07 15:53:02', '2025-01-07 15:53:02'),
(1049, 3, 22, 10, 0, 0, '2025-01-07 15:53:02', '2025-01-07 15:53:02'),
(1050, 3, 23, 10, 0, 0, '2025-01-07 15:53:02', '2025-01-07 15:53:02'),
(1051, 4, 21, 1, 0, 0, '2025-01-07 15:53:11', '2025-01-07 15:53:11'),
(1052, 4, 22, 1, 0, 0, '2025-01-07 15:53:11', '2025-01-07 15:53:11'),
(1053, 4, 23, 1, 0, 0, '2025-01-07 15:53:11', '2025-01-07 15:53:11'),
(1054, 4, 21, 2, 0, 0, '2025-01-07 15:53:11', '2025-01-07 15:53:11'),
(1055, 4, 22, 2, 0, 0, '2025-01-07 15:53:11', '2025-01-07 15:53:11'),
(1056, 4, 23, 2, 0, 0, '2025-01-07 15:53:11', '2025-01-07 15:53:11'),
(1057, 4, 21, 3, 0, 0, '2025-01-07 15:53:11', '2025-01-07 15:53:11'),
(1058, 4, 22, 3, 0, 0, '2025-01-07 15:53:11', '2025-01-07 15:53:11'),
(1059, 4, 23, 3, 0, 0, '2025-01-07 15:53:11', '2025-01-07 15:53:11'),
(1060, 4, 21, 4, 0, 0, '2025-01-07 15:53:11', '2025-01-07 15:53:11'),
(1061, 4, 22, 4, 0, 0, '2025-01-07 15:53:11', '2025-01-07 15:53:11'),
(1062, 4, 23, 4, 0, 0, '2025-01-07 15:53:11', '2025-01-07 15:53:11'),
(1063, 4, 21, 5, 0, 0, '2025-01-07 15:53:11', '2025-01-07 15:53:11'),
(1064, 4, 22, 5, 0, 0, '2025-01-07 15:53:11', '2025-01-07 15:53:11'),
(1065, 4, 23, 5, 0, 0, '2025-01-07 15:53:11', '2025-01-07 15:53:11'),
(1066, 4, 21, 6, 0, 0, '2025-01-07 15:53:11', '2025-01-07 15:53:11'),
(1067, 4, 22, 6, 0, 0, '2025-01-07 15:53:11', '2025-01-07 15:53:11'),
(1068, 4, 23, 6, 0, 0, '2025-01-07 15:53:11', '2025-01-07 15:53:11'),
(1069, 4, 21, 7, 0, 0, '2025-01-07 15:53:11', '2025-01-07 15:53:11'),
(1070, 4, 22, 7, 0, 0, '2025-01-07 15:53:11', '2025-01-07 15:53:11'),
(1071, 4, 23, 7, 0, 0, '2025-01-07 15:53:11', '2025-01-07 15:53:11'),
(1072, 4, 21, 8, 0, 0, '2025-01-07 15:53:11', '2025-01-07 15:53:11'),
(1073, 4, 22, 8, 0, 0, '2025-01-07 15:53:11', '2025-01-07 15:53:11'),
(1074, 4, 23, 8, 0, 0, '2025-01-07 15:53:11', '2025-01-07 15:53:11'),
(1075, 4, 21, 9, 0, 0, '2025-01-07 15:53:11', '2025-01-07 15:53:11'),
(1076, 4, 22, 9, 0, 0, '2025-01-07 15:53:11', '2025-01-07 15:53:11'),
(1077, 4, 23, 9, 0, 0, '2025-01-07 15:53:11', '2025-01-07 15:53:11'),
(1078, 4, 21, 10, 0, 0, '2025-01-07 15:53:11', '2025-01-07 15:53:11'),
(1079, 4, 22, 10, 0, 0, '2025-01-07 15:53:11', '2025-01-07 15:53:11'),
(1080, 4, 23, 10, 0, 0, '2025-01-07 15:53:11', '2025-01-07 15:53:11'),
(1081, 5, 21, 1, 0, 0, '2025-01-07 15:53:21', '2025-01-07 15:53:21'),
(1082, 5, 22, 1, 0, 0, '2025-01-07 15:53:21', '2025-01-07 15:53:21'),
(1083, 5, 23, 1, 0, 0, '2025-01-07 15:53:21', '2025-01-07 15:53:21'),
(1084, 5, 21, 2, 0, 0, '2025-01-07 15:53:21', '2025-01-07 15:53:21'),
(1085, 5, 22, 2, 0, 0, '2025-01-07 15:53:21', '2025-01-07 15:53:21'),
(1086, 5, 23, 2, 0, 0, '2025-01-07 15:53:21', '2025-01-07 15:53:21'),
(1087, 5, 21, 3, 0, 0, '2025-01-07 15:53:21', '2025-01-07 15:53:21'),
(1088, 5, 22, 3, 0, 0, '2025-01-07 15:53:21', '2025-01-07 15:53:21'),
(1089, 5, 23, 3, 0, 0, '2025-01-07 15:53:21', '2025-01-07 15:53:21'),
(1090, 5, 21, 4, 0, 0, '2025-01-07 15:53:21', '2025-01-07 15:53:21'),
(1091, 5, 22, 4, 0, 0, '2025-01-07 15:53:21', '2025-01-07 15:53:21'),
(1092, 5, 23, 4, 0, 0, '2025-01-07 15:53:21', '2025-01-07 15:53:21'),
(1093, 5, 21, 5, 0, 0, '2025-01-07 15:53:21', '2025-01-07 15:53:21'),
(1094, 5, 22, 5, 0, 0, '2025-01-07 15:53:21', '2025-01-07 15:53:21'),
(1095, 5, 23, 5, 0, 0, '2025-01-07 15:53:21', '2025-01-07 15:53:21'),
(1096, 5, 21, 6, 0, 0, '2025-01-07 15:53:21', '2025-01-07 15:53:21'),
(1097, 5, 22, 6, 0, 0, '2025-01-07 15:53:21', '2025-01-07 15:53:21'),
(1098, 5, 23, 6, 0, 0, '2025-01-07 15:53:21', '2025-01-07 15:53:21'),
(1099, 5, 21, 7, 0, 0, '2025-01-07 15:53:21', '2025-01-07 15:53:21'),
(1100, 5, 22, 7, 0, 0, '2025-01-07 15:53:21', '2025-01-07 15:53:21'),
(1101, 5, 23, 7, 0, 0, '2025-01-07 15:53:21', '2025-01-07 15:53:21'),
(1102, 5, 21, 8, 0, 0, '2025-01-07 15:53:21', '2025-01-07 15:53:21'),
(1103, 5, 22, 8, 0, 0, '2025-01-07 15:53:21', '2025-01-07 15:53:21'),
(1104, 5, 23, 8, 0, 0, '2025-01-07 15:53:21', '2025-01-07 15:53:21'),
(1105, 5, 21, 9, 0, 0, '2025-01-07 15:53:21', '2025-01-07 15:53:21'),
(1106, 5, 22, 9, 0, 0, '2025-01-07 15:53:21', '2025-01-07 15:53:21'),
(1107, 5, 23, 9, 0, 0, '2025-01-07 15:53:21', '2025-01-07 15:53:21'),
(1108, 5, 21, 10, 0, 0, '2025-01-07 15:53:21', '2025-01-07 15:53:21'),
(1109, 5, 22, 10, 0, 0, '2025-01-07 15:53:21', '2025-01-07 15:53:21'),
(1110, 5, 23, 10, 0, 0, '2025-01-07 15:53:21', '2025-01-07 15:53:21'),
(1111, 1, 17, 1, 0, 0, '2025-01-07 15:55:30', '2025-01-07 15:55:30'),
(1112, 1, 18, 1, 0, 0, '2025-01-07 15:55:30', '2025-01-07 15:55:30'),
(1113, 1, 19, 1, 0, 0, '2025-01-07 15:55:30', '2025-01-07 15:55:30'),
(1114, 1, 20, 1, 0, 0, '2025-01-07 15:55:30', '2025-01-07 15:55:30'),
(1115, 1, 17, 2, 0, 0, '2025-01-07 15:55:30', '2025-01-07 15:55:30'),
(1116, 1, 18, 2, 0, 0, '2025-01-07 15:55:30', '2025-01-07 15:55:30'),
(1117, 1, 19, 2, 0, 0, '2025-01-07 15:55:30', '2025-01-07 15:55:30'),
(1118, 1, 20, 2, 0, 0, '2025-01-07 15:55:30', '2025-01-07 15:55:30'),
(1119, 1, 17, 3, 0, 0, '2025-01-07 15:55:30', '2025-01-07 15:55:30'),
(1120, 1, 18, 3, 0, 0, '2025-01-07 15:55:30', '2025-01-07 15:55:30'),
(1121, 1, 19, 3, 0, 0, '2025-01-07 15:55:30', '2025-01-07 15:55:30'),
(1122, 1, 20, 3, 0, 0, '2025-01-07 15:55:31', '2025-01-07 15:55:31'),
(1123, 1, 17, 4, 0, 0, '2025-01-07 15:55:31', '2025-01-07 15:55:31'),
(1124, 1, 18, 4, 0, 0, '2025-01-07 15:55:31', '2025-01-07 15:55:31'),
(1125, 1, 19, 4, 0, 0, '2025-01-07 15:55:31', '2025-01-07 15:55:31'),
(1126, 1, 20, 4, 0, 0, '2025-01-07 15:55:31', '2025-01-07 15:55:31'),
(1127, 1, 17, 5, 0, 0, '2025-01-07 15:55:31', '2025-01-07 15:55:31'),
(1128, 1, 18, 5, 0, 0, '2025-01-07 15:55:31', '2025-01-07 15:55:31'),
(1129, 1, 19, 5, 0, 0, '2025-01-07 15:55:31', '2025-01-07 15:55:31'),
(1130, 1, 20, 5, 0, 0, '2025-01-07 15:55:31', '2025-01-07 15:55:31'),
(1131, 1, 17, 6, 0, 0, '2025-01-07 15:55:31', '2025-01-07 15:55:31'),
(1132, 1, 18, 6, 0, 0, '2025-01-07 15:55:31', '2025-01-07 15:55:31'),
(1133, 1, 19, 6, 0, 0, '2025-01-07 15:55:31', '2025-01-07 15:55:31'),
(1134, 1, 20, 6, 0, 0, '2025-01-07 15:55:31', '2025-01-07 15:55:31'),
(1135, 1, 17, 7, 0, 0, '2025-01-07 15:55:31', '2025-01-07 15:55:31'),
(1136, 1, 18, 7, 0, 0, '2025-01-07 15:55:31', '2025-01-07 15:55:31'),
(1137, 1, 19, 7, 0, 0, '2025-01-07 15:55:31', '2025-01-07 15:55:31'),
(1138, 1, 20, 7, 0, 0, '2025-01-07 15:55:31', '2025-01-07 15:55:31'),
(1139, 1, 17, 8, 0, 0, '2025-01-07 15:55:31', '2025-01-07 15:55:31'),
(1140, 1, 18, 8, 0, 0, '2025-01-07 15:55:31', '2025-01-07 15:55:31'),
(1141, 1, 19, 8, 0, 0, '2025-01-07 15:55:31', '2025-01-07 15:55:31'),
(1142, 1, 20, 8, 0, 0, '2025-01-07 15:55:31', '2025-01-07 15:55:31'),
(1143, 1, 17, 9, 0, 0, '2025-01-07 15:55:31', '2025-01-07 15:55:31'),
(1144, 1, 18, 9, 0, 0, '2025-01-07 15:55:31', '2025-01-07 15:55:31'),
(1145, 1, 19, 9, 0, 0, '2025-01-07 15:55:31', '2025-01-07 15:55:31'),
(1146, 1, 20, 9, 0, 0, '2025-01-07 15:55:31', '2025-01-07 15:55:31'),
(1147, 1, 17, 10, 0, 0, '2025-01-07 15:55:31', '2025-01-07 15:55:31'),
(1148, 1, 18, 10, 0, 0, '2025-01-07 15:55:31', '2025-01-07 15:55:31'),
(1149, 1, 19, 10, 0, 0, '2025-01-07 15:55:31', '2025-01-07 15:55:31'),
(1150, 1, 20, 10, 0, 0, '2025-01-07 15:55:31', '2025-01-07 15:55:31'),
(1151, 2, 17, 1, 0, 0, '2025-01-07 15:55:31', '2025-01-07 15:55:31'),
(1152, 2, 18, 1, 0, 0, '2025-01-07 15:55:31', '2025-01-07 15:55:31'),
(1153, 2, 19, 1, 0, 0, '2025-01-07 15:55:31', '2025-01-07 15:55:31'),
(1154, 2, 20, 1, 0, 0, '2025-01-07 15:55:31', '2025-01-07 15:55:31'),
(1155, 2, 17, 2, 0, 0, '2025-01-07 15:55:31', '2025-01-07 15:55:31'),
(1156, 2, 18, 2, 0, 0, '2025-01-07 15:55:31', '2025-01-07 15:55:31'),
(1157, 2, 19, 2, 0, 0, '2025-01-07 15:55:31', '2025-01-07 15:55:31'),
(1158, 2, 20, 2, 0, 0, '2025-01-07 15:55:31', '2025-01-07 15:55:31'),
(1159, 2, 17, 3, 0, 0, '2025-01-07 15:55:31', '2025-01-07 15:55:31'),
(1160, 2, 18, 3, 0, 0, '2025-01-07 15:55:31', '2025-01-07 15:55:31'),
(1161, 2, 19, 3, 0, 0, '2025-01-07 15:55:31', '2025-01-07 15:55:31'),
(1162, 2, 20, 3, 0, 0, '2025-01-07 15:55:31', '2025-01-07 15:55:31'),
(1163, 2, 17, 4, 0, 0, '2025-01-07 15:55:31', '2025-01-07 15:55:31'),
(1164, 2, 18, 4, 0, 0, '2025-01-07 15:55:31', '2025-01-07 15:55:31'),
(1165, 2, 19, 4, 0, 0, '2025-01-07 15:55:31', '2025-01-07 15:55:31'),
(1166, 2, 20, 4, 0, 0, '2025-01-07 15:55:31', '2025-01-07 15:55:31'),
(1167, 2, 17, 5, 0, 0, '2025-01-07 15:55:31', '2025-01-07 15:55:31'),
(1168, 2, 18, 5, 0, 0, '2025-01-07 15:55:31', '2025-01-07 15:55:31'),
(1169, 2, 19, 5, 0, 0, '2025-01-07 15:55:31', '2025-01-07 15:55:31'),
(1170, 2, 20, 5, 0, 0, '2025-01-07 15:55:31', '2025-01-07 15:55:31'),
(1171, 2, 17, 6, 0, 0, '2025-01-07 15:55:31', '2025-01-07 15:55:31'),
(1172, 2, 18, 6, 0, 0, '2025-01-07 15:55:31', '2025-01-07 15:55:31'),
(1173, 2, 19, 6, 0, 0, '2025-01-07 15:55:31', '2025-01-07 15:55:31'),
(1174, 2, 20, 6, 0, 0, '2025-01-07 15:55:31', '2025-01-07 15:55:31'),
(1175, 2, 17, 7, 0, 0, '2025-01-07 15:55:31', '2025-01-07 15:55:31'),
(1176, 2, 18, 7, 0, 0, '2025-01-07 15:55:31', '2025-01-07 15:55:31'),
(1177, 2, 19, 7, 0, 0, '2025-01-07 15:55:31', '2025-01-07 15:55:31'),
(1178, 2, 20, 7, 0, 0, '2025-01-07 15:55:31', '2025-01-07 15:55:31'),
(1179, 2, 17, 8, 0, 0, '2025-01-07 15:55:31', '2025-01-07 15:55:31'),
(1180, 2, 18, 8, 0, 0, '2025-01-07 15:55:31', '2025-01-07 15:55:31'),
(1181, 2, 19, 8, 0, 0, '2025-01-07 15:55:31', '2025-01-07 15:55:31'),
(1182, 2, 20, 8, 0, 0, '2025-01-07 15:55:31', '2025-01-07 15:55:31'),
(1183, 2, 17, 9, 0, 0, '2025-01-07 15:55:31', '2025-01-07 15:55:31'),
(1184, 2, 18, 9, 0, 0, '2025-01-07 15:55:31', '2025-01-07 15:55:31'),
(1185, 2, 19, 9, 0, 0, '2025-01-07 15:55:31', '2025-01-07 15:55:31'),
(1186, 2, 20, 9, 0, 0, '2025-01-07 15:55:31', '2025-01-07 15:55:31'),
(1187, 2, 17, 10, 0, 0, '2025-01-07 15:55:31', '2025-01-07 15:55:31'),
(1188, 2, 18, 10, 0, 0, '2025-01-07 15:55:31', '2025-01-07 15:55:31'),
(1189, 2, 19, 10, 0, 0, '2025-01-07 15:55:31', '2025-01-07 15:55:31'),
(1190, 2, 20, 10, 0, 0, '2025-01-07 15:55:31', '2025-01-07 15:55:31'),
(1191, 3, 17, 1, 0, 0, '2025-01-07 15:55:31', '2025-01-07 15:55:31'),
(1192, 3, 18, 1, 0, 0, '2025-01-07 15:55:31', '2025-01-07 15:55:31'),
(1193, 3, 19, 1, 0, 0, '2025-01-07 15:55:31', '2025-01-07 15:55:31'),
(1194, 3, 20, 1, 0, 0, '2025-01-07 15:55:31', '2025-01-07 15:55:31'),
(1195, 3, 17, 2, 0, 0, '2025-01-07 15:55:31', '2025-01-07 15:55:31'),
(1196, 3, 18, 2, 0, 0, '2025-01-07 15:55:31', '2025-01-07 15:55:31'),
(1197, 3, 19, 2, 0, 0, '2025-01-07 15:55:32', '2025-01-07 15:55:32'),
(1198, 3, 20, 2, 0, 0, '2025-01-07 15:55:32', '2025-01-07 15:55:32'),
(1199, 3, 17, 3, 0, 0, '2025-01-07 15:55:32', '2025-01-07 15:55:32'),
(1200, 3, 18, 3, 0, 0, '2025-01-07 15:55:32', '2025-01-07 15:55:32'),
(1201, 3, 19, 3, 0, 0, '2025-01-07 15:55:32', '2025-01-07 15:55:32'),
(1202, 3, 20, 3, 0, 0, '2025-01-07 15:55:32', '2025-01-07 15:55:32'),
(1203, 3, 17, 4, 0, 0, '2025-01-07 15:55:32', '2025-01-07 15:55:32'),
(1204, 3, 18, 4, 0, 0, '2025-01-07 15:55:32', '2025-01-07 15:55:32'),
(1205, 3, 19, 4, 0, 0, '2025-01-07 15:55:32', '2025-01-07 15:55:32'),
(1206, 3, 20, 4, 0, 0, '2025-01-07 15:55:32', '2025-01-07 15:55:32'),
(1207, 3, 17, 5, 0, 0, '2025-01-07 15:55:32', '2025-01-07 15:55:32'),
(1208, 3, 18, 5, 0, 0, '2025-01-07 15:55:32', '2025-01-07 15:55:32'),
(1209, 3, 19, 5, 0, 0, '2025-01-07 15:55:32', '2025-01-07 15:55:32'),
(1210, 3, 20, 5, 0, 0, '2025-01-07 15:55:32', '2025-01-07 15:55:32'),
(1211, 3, 17, 6, 0, 0, '2025-01-07 15:55:32', '2025-01-07 15:55:32'),
(1212, 3, 18, 6, 0, 0, '2025-01-07 15:55:32', '2025-01-07 15:55:32'),
(1213, 3, 19, 6, 0, 0, '2025-01-07 15:55:32', '2025-01-07 15:55:32'),
(1214, 3, 20, 6, 0, 0, '2025-01-07 15:55:32', '2025-01-07 15:55:32'),
(1215, 3, 17, 7, 0, 0, '2025-01-07 15:55:32', '2025-01-07 15:55:32'),
(1216, 3, 18, 7, 0, 0, '2025-01-07 15:55:32', '2025-01-07 15:55:32'),
(1217, 3, 19, 7, 0, 0, '2025-01-07 15:55:32', '2025-01-07 15:55:32'),
(1218, 3, 20, 7, 0, 0, '2025-01-07 15:55:32', '2025-01-07 15:55:32'),
(1219, 3, 17, 8, 0, 0, '2025-01-07 15:55:32', '2025-01-07 15:55:32'),
(1220, 3, 18, 8, 0, 0, '2025-01-07 15:55:32', '2025-01-07 15:55:32'),
(1221, 3, 19, 8, 0, 0, '2025-01-07 15:55:32', '2025-01-07 15:55:32'),
(1222, 3, 20, 8, 0, 0, '2025-01-07 15:55:32', '2025-01-07 15:55:32'),
(1223, 3, 17, 9, 0, 0, '2025-01-07 15:55:32', '2025-01-07 15:55:32'),
(1224, 3, 18, 9, 0, 0, '2025-01-07 15:55:32', '2025-01-07 15:55:32'),
(1225, 3, 19, 9, 0, 0, '2025-01-07 15:55:32', '2025-01-07 15:55:32'),
(1226, 3, 20, 9, 0, 0, '2025-01-07 15:55:32', '2025-01-07 15:55:32'),
(1227, 3, 17, 10, 0, 0, '2025-01-07 15:55:32', '2025-01-07 15:55:32'),
(1228, 3, 18, 10, 0, 0, '2025-01-07 15:55:32', '2025-01-07 15:55:32'),
(1229, 3, 19, 10, 0, 0, '2025-01-07 15:55:32', '2025-01-07 15:55:32'),
(1230, 3, 20, 10, 0, 0, '2025-01-07 15:55:32', '2025-01-07 15:55:32'),
(1231, 4, 17, 1, 0, 0, '2025-01-07 15:55:32', '2025-01-07 15:55:32'),
(1232, 4, 18, 1, 0, 0, '2025-01-07 15:55:32', '2025-01-07 15:55:32'),
(1233, 4, 19, 1, 0, 0, '2025-01-07 15:55:32', '2025-01-07 15:55:32'),
(1234, 4, 20, 1, 0, 0, '2025-01-07 15:55:32', '2025-01-07 15:55:32'),
(1235, 4, 17, 2, 0, 0, '2025-01-07 15:55:32', '2025-01-07 15:55:32'),
(1236, 4, 18, 2, 0, 0, '2025-01-07 15:55:32', '2025-01-07 15:55:32'),
(1237, 4, 19, 2, 0, 0, '2025-01-07 15:55:32', '2025-01-07 15:55:32'),
(1238, 4, 20, 2, 0, 0, '2025-01-07 15:55:32', '2025-01-07 15:55:32'),
(1239, 4, 17, 3, 0, 0, '2025-01-07 15:55:32', '2025-01-07 15:55:32'),
(1240, 4, 18, 3, 0, 0, '2025-01-07 15:55:32', '2025-01-07 15:55:32'),
(1241, 4, 19, 3, 0, 0, '2025-01-07 15:55:32', '2025-01-07 15:55:32'),
(1242, 4, 20, 3, 0, 0, '2025-01-07 15:55:32', '2025-01-07 15:55:32'),
(1243, 4, 17, 4, 0, 0, '2025-01-07 15:55:32', '2025-01-07 15:55:32'),
(1244, 4, 18, 4, 0, 0, '2025-01-07 15:55:32', '2025-01-07 15:55:32'),
(1245, 4, 19, 4, 0, 0, '2025-01-07 15:55:32', '2025-01-07 15:55:32'),
(1246, 4, 20, 4, 0, 0, '2025-01-07 15:55:32', '2025-01-07 15:55:32'),
(1247, 4, 17, 5, 0, 0, '2025-01-07 15:55:32', '2025-01-07 15:55:32'),
(1248, 4, 18, 5, 0, 0, '2025-01-07 15:55:32', '2025-01-07 15:55:32'),
(1249, 4, 19, 5, 0, 0, '2025-01-07 15:55:32', '2025-01-07 15:55:32'),
(1250, 4, 20, 5, 0, 0, '2025-01-07 15:55:32', '2025-01-07 15:55:32'),
(1251, 4, 17, 6, 0, 0, '2025-01-07 15:55:32', '2025-01-07 15:55:32'),
(1252, 4, 18, 6, 0, 0, '2025-01-07 15:55:32', '2025-01-07 15:55:32'),
(1253, 4, 19, 6, 0, 0, '2025-01-07 15:55:32', '2025-01-07 15:55:32'),
(1254, 4, 20, 6, 0, 0, '2025-01-07 15:55:32', '2025-01-07 15:55:32'),
(1255, 4, 17, 7, 0, 0, '2025-01-07 15:55:32', '2025-01-07 15:55:32'),
(1256, 4, 18, 7, 0, 0, '2025-01-07 15:55:32', '2025-01-07 15:55:32'),
(1257, 4, 19, 7, 0, 0, '2025-01-07 15:55:32', '2025-01-07 15:55:32'),
(1258, 4, 20, 7, 0, 0, '2025-01-07 15:55:32', '2025-01-07 15:55:32'),
(1259, 4, 17, 8, 0, 0, '2025-01-07 15:55:32', '2025-01-07 15:55:32'),
(1260, 4, 18, 8, 0, 0, '2025-01-07 15:55:32', '2025-01-07 15:55:32'),
(1261, 4, 19, 8, 0, 0, '2025-01-07 15:55:32', '2025-01-07 15:55:32'),
(1262, 4, 20, 8, 0, 0, '2025-01-07 15:55:32', '2025-01-07 15:55:32'),
(1263, 4, 17, 9, 0, 0, '2025-01-07 15:55:32', '2025-01-07 15:55:32'),
(1264, 4, 18, 9, 0, 0, '2025-01-07 15:55:32', '2025-01-07 15:55:32'),
(1265, 4, 19, 9, 0, 0, '2025-01-07 15:55:32', '2025-01-07 15:55:32'),
(1266, 4, 20, 9, 0, 0, '2025-01-07 15:55:32', '2025-01-07 15:55:32'),
(1267, 4, 17, 10, 0, 0, '2025-01-07 15:55:32', '2025-01-07 15:55:32'),
(1268, 4, 18, 10, 0, 0, '2025-01-07 15:55:32', '2025-01-07 15:55:32'),
(1269, 4, 19, 10, 0, 0, '2025-01-07 15:55:32', '2025-01-07 15:55:32'),
(1270, 4, 20, 10, 0, 0, '2025-01-07 15:55:32', '2025-01-07 15:55:32'),
(1271, 5, 17, 1, 0, 0, '2025-01-07 15:55:32', '2025-01-07 15:55:32'),
(1272, 5, 18, 1, 0, 0, '2025-01-07 15:55:33', '2025-01-07 15:55:33'),
(1273, 5, 19, 1, 0, 0, '2025-01-07 15:55:33', '2025-01-07 15:55:33'),
(1274, 5, 20, 1, 0, 0, '2025-01-07 15:55:33', '2025-01-07 15:55:33'),
(1275, 5, 17, 2, 0, 0, '2025-01-07 15:55:33', '2025-01-07 15:55:33'),
(1276, 5, 18, 2, 0, 0, '2025-01-07 15:55:33', '2025-01-07 15:55:33'),
(1277, 5, 19, 2, 0, 0, '2025-01-07 15:55:33', '2025-01-07 15:55:33'),
(1278, 5, 20, 2, 0, 0, '2025-01-07 15:55:33', '2025-01-07 15:55:33'),
(1279, 5, 17, 3, 0, 0, '2025-01-07 15:55:33', '2025-01-07 15:55:33'),
(1280, 5, 18, 3, 0, 0, '2025-01-07 15:55:33', '2025-01-07 15:55:33'),
(1281, 5, 19, 3, 0, 0, '2025-01-07 15:55:33', '2025-01-07 15:55:33'),
(1282, 5, 20, 3, 0, 0, '2025-01-07 15:55:33', '2025-01-07 15:55:33'),
(1283, 5, 17, 4, 0, 0, '2025-01-07 15:55:33', '2025-01-07 15:55:33'),
(1284, 5, 18, 4, 0, 0, '2025-01-07 15:55:33', '2025-01-07 15:55:33'),
(1285, 5, 19, 4, 0, 0, '2025-01-07 15:55:33', '2025-01-07 15:55:33'),
(1286, 5, 20, 4, 0, 0, '2025-01-07 15:55:33', '2025-01-07 15:55:33'),
(1287, 5, 17, 5, 0, 0, '2025-01-07 15:55:33', '2025-01-07 15:55:33'),
(1288, 5, 18, 5, 0, 0, '2025-01-07 15:55:33', '2025-01-07 15:55:33'),
(1289, 5, 19, 5, 0, 0, '2025-01-07 15:55:33', '2025-01-07 15:55:33'),
(1290, 5, 20, 5, 0, 0, '2025-01-07 15:55:33', '2025-01-07 15:55:33'),
(1291, 5, 17, 6, 0, 0, '2025-01-07 15:55:33', '2025-01-07 15:55:33'),
(1292, 5, 18, 6, 0, 0, '2025-01-07 15:55:33', '2025-01-07 15:55:33'),
(1293, 5, 19, 6, 0, 0, '2025-01-07 15:55:33', '2025-01-07 15:55:33'),
(1294, 5, 20, 6, 0, 0, '2025-01-07 15:55:33', '2025-01-07 15:55:33'),
(1295, 5, 17, 7, 0, 0, '2025-01-07 15:55:33', '2025-01-07 15:55:33'),
(1296, 5, 18, 7, 0, 0, '2025-01-07 15:55:33', '2025-01-07 15:55:33'),
(1297, 5, 19, 7, 0, 0, '2025-01-07 15:55:33', '2025-01-07 15:55:33'),
(1298, 5, 20, 7, 0, 0, '2025-01-07 15:55:33', '2025-01-07 15:55:33'),
(1299, 5, 17, 8, 0, 0, '2025-01-07 15:55:33', '2025-01-07 15:55:33'),
(1300, 5, 18, 8, 0, 0, '2025-01-07 15:55:33', '2025-01-07 15:55:33'),
(1301, 5, 19, 8, 0, 0, '2025-01-07 15:55:33', '2025-01-07 15:55:33'),
(1302, 5, 20, 8, 0, 0, '2025-01-07 15:55:33', '2025-01-07 15:55:33'),
(1303, 5, 17, 9, 0, 0, '2025-01-07 15:55:33', '2025-01-07 15:55:33'),
(1304, 5, 18, 9, 0, 0, '2025-01-07 15:55:33', '2025-01-07 15:55:33'),
(1305, 5, 19, 9, 0, 0, '2025-01-07 15:55:33', '2025-01-07 15:55:33'),
(1306, 5, 20, 9, 0, 0, '2025-01-07 15:55:33', '2025-01-07 15:55:33'),
(1307, 5, 17, 10, 0, 0, '2025-01-07 15:55:33', '2025-01-07 15:55:33'),
(1308, 5, 18, 10, 0, 0, '2025-01-07 15:55:33', '2025-01-07 15:55:33'),
(1309, 5, 19, 10, 0, 0, '2025-01-07 15:55:33', '2025-01-07 15:55:33'),
(1310, 5, 20, 10, 0, 0, '2025-01-07 15:55:33', '2025-01-07 15:55:33');

-- --------------------------------------------------------

--
-- Table structure for table `teams`
--

CREATE TABLE `teams` (
  `id` tinyint(3) UNSIGNED NOT NULL,
  `number` tinyint(4) NOT NULL DEFAULT 0,
  `name` varchar(255) NOT NULL,
  `location` varchar(32) NOT NULL,
  `avatar` varchar(255) DEFAULT NULL,
  `created_at` timestamp NOT NULL DEFAULT current_timestamp(),
  `updated_at` timestamp NOT NULL DEFAULT current_timestamp() ON UPDATE current_timestamp()
) ENGINE=InnoDB DEFAULT CHARSET=utf8mb4 COLLATE=utf8mb4_general_ci;

--
-- Dumping data for table `teams`
--

INSERT INTO `teams` (`id`, `number`, `name`, `location`, `avatar`, `created_at`, `updated_at`) VALUES
(1, 1, 'Alulu Himor', 'Legazpi City', '1736264574_01-alulu-himor.jpg', '2023-04-06 13:50:48', '2025-01-07 15:44:59'),
(2, 2, 'Mia Angela Raosa', 'Oas, Albay', '1736264581_02-mia-angela-raosa.jpg', '2023-04-06 13:52:26', '2025-01-07 15:43:01'),
(3, 3, 'Shan Losabio', 'Libon, Albay', '1736264588_03-shan-losabio.jpg', '2023-04-06 13:43:02', '2025-01-07 15:43:08'),
(4, 4, 'Jade Abiog', 'Naga City', '1736264613_04-jade-abiog.jpg', '2023-04-06 13:49:52', '2025-01-07 15:43:33'),
(5, 5, 'Bryan Nava', 'Iriga City', '1736264637_05-bryan-nava.jpg', '2023-04-06 13:46:35', '2025-01-07 15:43:57'),
(6, 6, 'Cheska Deyn', 'Pilar Sorsogon', '1736264686_06-cheska-deyn.jpg', '2023-04-06 13:51:50', '2025-01-07 15:44:46'),
(7, 7, 'Macy Dela Paz', 'Legazpi City', '1736264728_07-macy-dela-paz.jpg', '2023-04-06 13:42:20', '2025-01-07 15:45:28'),
(8, 8, 'Neigel Corporal', 'Iriga City', '1736264752_08-neigel-corporal.jpg', '2023-04-06 13:47:48', '2025-01-07 15:45:52'),
(9, 9, 'Jewel Olivera', 'Guinobatan, Albay', '1736264793_09-jewel-olivera.jpg', '2023-04-06 13:48:16', '2025-01-07 15:46:33'),
(10, 10, 'Queen Hugo', 'Naga City', '1736264822_10-queen-hugo.jpg', '2023-04-06 13:45:57', '2025-01-07 15:47:02');

-- --------------------------------------------------------

--
-- Table structure for table `technicals`
--

CREATE TABLE `technicals` (
  `id` tinyint(3) UNSIGNED NOT NULL,
  `number` tinyint(3) UNSIGNED NOT NULL,
  `name` varchar(255) NOT NULL,
  `avatar` varchar(255) DEFAULT NULL,
  `username` varchar(255) NOT NULL,
  `password` varchar(255) NOT NULL,
  `active_portion` varchar(255) DEFAULT NULL,
  `called_at` timestamp NULL DEFAULT NULL,
  `pinged_at` timestamp NULL DEFAULT NULL,
  `created_at` timestamp NOT NULL DEFAULT current_timestamp(),
  `updated_at` timestamp NOT NULL DEFAULT current_timestamp() ON UPDATE current_timestamp()
) ENGINE=InnoDB DEFAULT CHARSET=utf8mb4 COLLATE=utf8mb4_general_ci;

--
-- Dumping data for table `technicals`
--

INSERT INTO `technicals` (`id`, `number`, `name`, `avatar`, `username`, `password`, `active_portion`, `called_at`, `pinged_at`, `created_at`, `updated_at`) VALUES
(1, 1, 'Technical 01', 'no-avatar.jpg', 'technical01', 'technical01', NULL, NULL, NULL, '2023-02-19 08:58:58', '2023-04-06 14:00:12');

-- --------------------------------------------------------

--
-- Table structure for table `technical_event`
--

CREATE TABLE `technical_event` (
  `id` tinyint(3) UNSIGNED NOT NULL,
  `technical_id` tinyint(3) UNSIGNED NOT NULL,
  `event_id` smallint(5) UNSIGNED NOT NULL,
  `active_team_id` tinyint(3) UNSIGNED NOT NULL,
  `has_active_team` tinyint(1) NOT NULL DEFAULT 0,
  `created_at` timestamp NOT NULL DEFAULT current_timestamp(),
  `updated_at` timestamp NOT NULL DEFAULT current_timestamp() ON UPDATE current_timestamp()
) ENGINE=InnoDB DEFAULT CHARSET=utf8mb4 COLLATE=utf8mb4_general_ci;

-- --------------------------------------------------------

--
-- Table structure for table `titles`
--

CREATE TABLE `titles` (
  `id` smallint(5) UNSIGNED NOT NULL,
  `event_id` smallint(5) UNSIGNED NOT NULL,
  `rank` tinyint(3) UNSIGNED NOT NULL DEFAULT 1,
  `title` varchar(255) NOT NULL,
  `created_at` timestamp NOT NULL DEFAULT current_timestamp(),
  `updated_at` timestamp NOT NULL DEFAULT current_timestamp() ON UPDATE current_timestamp()
) ENGINE=InnoDB DEFAULT CHARSET=utf8mb4 COLLATE=utf8mb4_general_ci;

--
-- Dumping data for table `titles`
--

INSERT INTO `titles` (`id`, `event_id`, `rank`, `title`, `created_at`, `updated_at`) VALUES
(1, 1, 1, 'Best in Carnival Inspired Attire', '2023-04-07 05:09:18', '2025-01-07 15:56:22'),
(2, 2, 1, 'Best in Production Performance', '2023-04-07 05:09:49', '2025-01-07 15:56:50'),
(3, 3, 1, 'Best in Swimwear', '2023-04-07 05:10:14', '2025-01-07 15:57:04'),
(4, 4, 1, 'Best in Evening Gown', '2023-04-07 05:10:42', '2023-04-07 05:10:42'),
(5, 5, 1, '', '2023-04-07 05:11:28', '2025-01-07 15:57:23'),
(6, 5, 2, '', '2023-04-07 05:11:47', '2025-01-07 15:57:25'),
(7, 5, 3, '', '2023-04-07 05:12:12', '2025-01-07 15:57:26'),
(8, 5, 4, '', '2023-04-07 05:12:47', '2025-01-07 15:57:28'),
(9, 5, 5, '', '2023-04-07 05:13:01', '2025-01-07 15:57:32'),
(10, 1, 2, '', '2025-01-07 15:18:54', '2025-01-07 15:18:54'),
(11, 1, 3, '', '2025-01-07 15:18:54', '2025-01-07 15:18:54'),
(12, 1, 4, '', '2025-01-07 15:18:54', '2025-01-07 15:18:54'),
(13, 1, 5, '', '2025-01-07 15:18:54', '2025-01-07 15:18:54'),
(14, 1, 6, '', '2025-01-07 15:18:54', '2025-01-07 15:18:54'),
(15, 1, 7, '', '2025-01-07 15:18:54', '2025-01-07 15:18:54'),
(16, 1, 8, '', '2025-01-07 15:18:54', '2025-01-07 15:18:54'),
(17, 1, 9, '', '2025-01-07 15:18:54', '2025-01-07 15:18:54'),
(18, 1, 10, '', '2025-01-07 15:18:54', '2025-01-07 15:18:54'),
(19, 1, 11, '', '2025-01-07 15:18:54', '2025-01-07 15:18:54'),
(20, 1, 12, '', '2025-01-07 15:18:54', '2025-01-07 15:18:54'),
(21, 2, 2, '', '2025-01-07 15:35:30', '2025-01-07 15:35:30'),
(22, 2, 3, '', '2025-01-07 15:35:30', '2025-01-07 15:35:30'),
(23, 2, 4, '', '2025-01-07 15:35:30', '2025-01-07 15:35:30'),
(24, 2, 5, '', '2025-01-07 15:35:30', '2025-01-07 15:35:30'),
(25, 2, 6, '', '2025-01-07 15:35:30', '2025-01-07 15:35:30'),
(26, 2, 7, '', '2025-01-07 15:35:30', '2025-01-07 15:35:30'),
(27, 2, 8, '', '2025-01-07 15:35:30', '2025-01-07 15:35:30'),
(28, 2, 9, '', '2025-01-07 15:35:30', '2025-01-07 15:35:30'),
(29, 2, 10, '', '2025-01-07 15:35:30', '2025-01-07 15:35:30'),
(30, 2, 11, '', '2025-01-07 15:35:30', '2025-01-07 15:35:30'),
(31, 2, 12, '', '2025-01-07 15:35:30', '2025-01-07 15:35:30'),
(32, 3, 2, '', '2025-01-07 15:35:33', '2025-01-07 15:35:33'),
(33, 3, 3, '', '2025-01-07 15:35:33', '2025-01-07 15:35:33'),
(34, 3, 4, '', '2025-01-07 15:35:33', '2025-01-07 15:35:33'),
(35, 3, 5, '', '2025-01-07 15:35:33', '2025-01-07 15:35:33'),
(36, 3, 6, '', '2025-01-07 15:35:33', '2025-01-07 15:35:33'),
(37, 3, 7, '', '2025-01-07 15:35:33', '2025-01-07 15:35:33'),
(38, 3, 8, '', '2025-01-07 15:35:33', '2025-01-07 15:35:33'),
(39, 3, 9, '', '2025-01-07 15:35:33', '2025-01-07 15:35:33'),
(40, 3, 10, '', '2025-01-07 15:35:33', '2025-01-07 15:35:33'),
(41, 3, 11, '', '2025-01-07 15:35:33', '2025-01-07 15:35:33'),
(42, 3, 12, '', '2025-01-07 15:35:33', '2025-01-07 15:35:33'),
(43, 4, 2, '', '2025-01-07 15:35:35', '2025-01-07 15:35:35'),
(44, 4, 3, '', '2025-01-07 15:35:35', '2025-01-07 15:35:35'),
(45, 4, 4, '', '2025-01-07 15:35:35', '2025-01-07 15:35:35'),
(46, 4, 5, '', '2025-01-07 15:35:35', '2025-01-07 15:35:35'),
(47, 4, 6, '', '2025-01-07 15:35:35', '2025-01-07 15:35:35'),
(48, 4, 7, '', '2025-01-07 15:35:35', '2025-01-07 15:35:35'),
(49, 4, 8, '', '2025-01-07 15:35:35', '2025-01-07 15:35:35'),
(50, 4, 9, '', '2025-01-07 15:35:36', '2025-01-07 15:35:36'),
(51, 4, 10, '', '2025-01-07 15:35:36', '2025-01-07 15:35:36'),
(52, 4, 11, '', '2025-01-07 15:35:36', '2025-01-07 15:35:36'),
(53, 4, 12, '', '2025-01-07 15:35:36', '2025-01-07 15:35:36'),
(54, 5, 6, '', '2025-01-07 15:35:36', '2025-01-07 15:35:36'),
(55, 5, 7, '', '2025-01-07 15:35:36', '2025-01-07 15:35:36'),
(56, 5, 8, '', '2025-01-07 15:35:36', '2025-01-07 15:35:36'),
(57, 5, 9, '', '2025-01-07 15:35:36', '2025-01-07 15:35:36'),
(58, 5, 10, '', '2025-01-07 15:35:36', '2025-01-07 15:35:36'),
(59, 5, 11, '', '2025-01-07 15:35:36', '2025-01-07 15:35:36'),
(60, 5, 12, '', '2025-01-07 15:35:36', '2025-01-07 15:35:36'),
(61, 6, 1, 'Queen of San Antonio 2025', '2025-01-07 15:35:36', '2025-01-07 15:57:37'),
(62, 6, 2, '1st Runner Up', '2025-01-07 15:35:36', '2025-01-07 15:57:50'),
(63, 6, 3, '2nd Runner Up', '2025-01-07 15:35:36', '2025-01-07 15:57:59'),
(64, 6, 4, '', '2025-01-07 15:35:36', '2025-01-07 15:35:36'),
(65, 6, 5, '', '2025-01-07 15:35:36', '2025-01-07 15:35:36'),
(66, 6, 6, '', '2025-01-07 15:35:36', '2025-01-07 15:35:36'),
(67, 6, 7, '', '2025-01-07 15:35:36', '2025-01-07 15:35:36'),
(68, 6, 8, '', '2025-01-07 15:35:36', '2025-01-07 15:35:36'),
(69, 6, 9, '', '2025-01-07 15:35:36', '2025-01-07 15:35:36'),
(70, 6, 10, '', '2025-01-07 15:35:36', '2025-01-07 15:35:36'),
(71, 6, 11, '', '2025-01-07 15:35:36', '2025-01-07 15:35:36'),
(72, 6, 12, '', '2025-01-07 15:35:36', '2025-01-07 15:35:36');

--
-- Indexes for dumped tables
--

--
-- Indexes for table `admins`
--
ALTER TABLE `admins`
  ADD PRIMARY KEY (`id`);

--
-- Indexes for table `arrangements`
--
ALTER TABLE `arrangements`
  ADD PRIMARY KEY (`id`),
  ADD KEY `event_id` (`event_id`),
  ADD KEY `team_id` (`team_id`);

--
-- Indexes for table `categories`
--
ALTER TABLE `categories`
  ADD PRIMARY KEY (`id`),
  ADD KEY `competition_id` (`competition_id`);

--
-- Indexes for table `competitions`
--
ALTER TABLE `competitions`
  ADD PRIMARY KEY (`id`);

--
-- Indexes for table `criteria`
--
ALTER TABLE `criteria`
  ADD PRIMARY KEY (`id`),
  ADD KEY `event_id` (`event_id`);

--
-- Indexes for table `deductions`
--
ALTER TABLE `deductions`
  ADD PRIMARY KEY (`id`),
  ADD KEY `judge_id` (`technical_id`),
  ADD KEY `team_id` (`team_id`),
  ADD KEY `event_id` (`event_id`);

--
-- Indexes for table `eliminations`
--
ALTER TABLE `eliminations`
  ADD PRIMARY KEY (`id`),
  ADD KEY `event_id` (`event_id`),
  ADD KEY `team_id` (`team_id`);

--
-- Indexes for table `events`
--
ALTER TABLE `events`
  ADD PRIMARY KEY (`id`),
  ADD KEY `area_id` (`category_id`);

--
-- Indexes for table `judges`
--
ALTER TABLE `judges`
  ADD PRIMARY KEY (`id`);

--
-- Indexes for table `judge_event`
--
ALTER TABLE `judge_event`
  ADD PRIMARY KEY (`id`),
  ADD KEY `judge_id` (`judge_id`),
  ADD KEY `event_id` (`event_id`),
  ADD KEY `active_team_id` (`active_team_id`);

--
-- Indexes for table `noshows`
--
ALTER TABLE `noshows`
  ADD PRIMARY KEY (`id`),
  ADD KEY `event_id` (`event_id`),
  ADD KEY `team_id` (`team_id`);

--
-- Indexes for table `participants`
--
ALTER TABLE `participants`
  ADD PRIMARY KEY (`id`),
  ADD KEY `team_id` (`team_id`),
  ADD KEY `event_id` (`event_id`);

--
-- Indexes for table `points`
--
ALTER TABLE `points`
  ADD PRIMARY KEY (`id`),
  ADD KEY `event_id` (`event_id`);

--
-- Indexes for table `ratings`
--
ALTER TABLE `ratings`
  ADD PRIMARY KEY (`id`),
  ADD KEY `judge_id` (`judge_id`),
  ADD KEY `team_id` (`team_id`),
  ADD KEY `criteria_id` (`criteria_id`);

--
-- Indexes for table `teams`
--
ALTER TABLE `teams`
  ADD PRIMARY KEY (`id`);

--
-- Indexes for table `technicals`
--
ALTER TABLE `technicals`
  ADD PRIMARY KEY (`id`);

--
-- Indexes for table `technical_event`
--
ALTER TABLE `technical_event`
  ADD PRIMARY KEY (`id`),
  ADD KEY `judge_id` (`technical_id`),
  ADD KEY `event_id` (`event_id`),
  ADD KEY `active_team_id` (`active_team_id`);

--
-- Indexes for table `titles`
--
ALTER TABLE `titles`
  ADD PRIMARY KEY (`id`),
  ADD KEY `event_id` (`event_id`);

--
-- AUTO_INCREMENT for dumped tables
--

--
-- AUTO_INCREMENT for table `admins`
--
ALTER TABLE `admins`
  MODIFY `id` tinyint(3) UNSIGNED NOT NULL AUTO_INCREMENT, AUTO_INCREMENT=2;

--
-- AUTO_INCREMENT for table `arrangements`
--
ALTER TABLE `arrangements`
  MODIFY `id` smallint(5) UNSIGNED NOT NULL AUTO_INCREMENT;

--
-- AUTO_INCREMENT for table `categories`
--
ALTER TABLE `categories`
  MODIFY `id` tinyint(3) UNSIGNED NOT NULL AUTO_INCREMENT, AUTO_INCREMENT=2;

--
-- AUTO_INCREMENT for table `competitions`
--
ALTER TABLE `competitions`
  MODIFY `id` tinyint(3) UNSIGNED NOT NULL AUTO_INCREMENT, AUTO_INCREMENT=2;

--
-- AUTO_INCREMENT for table `criteria`
--
ALTER TABLE `criteria`
  MODIFY `id` smallint(5) UNSIGNED NOT NULL AUTO_INCREMENT, AUTO_INCREMENT=24;

--
-- AUTO_INCREMENT for table `deductions`
--
ALTER TABLE `deductions`
  MODIFY `id` mediumint(8) UNSIGNED NOT NULL AUTO_INCREMENT;

--
-- AUTO_INCREMENT for table `eliminations`
--
ALTER TABLE `eliminations`
  MODIFY `id` mediumint(9) NOT NULL AUTO_INCREMENT, AUTO_INCREMENT=25;

--
-- AUTO_INCREMENT for table `events`
--
ALTER TABLE `events`
  MODIFY `id` smallint(5) UNSIGNED NOT NULL AUTO_INCREMENT, AUTO_INCREMENT=7;

--
-- AUTO_INCREMENT for table `judges`
--
ALTER TABLE `judges`
  MODIFY `id` tinyint(3) UNSIGNED NOT NULL AUTO_INCREMENT, AUTO_INCREMENT=6;

--
-- AUTO_INCREMENT for table `judge_event`
--
ALTER TABLE `judge_event`
  MODIFY `id` tinyint(3) UNSIGNED NOT NULL AUTO_INCREMENT, AUTO_INCREMENT=31;

--
-- AUTO_INCREMENT for table `noshows`
--
ALTER TABLE `noshows`
  MODIFY `id` smallint(5) UNSIGNED NOT NULL AUTO_INCREMENT;

--
-- AUTO_INCREMENT for table `participants`
--
ALTER TABLE `participants`
  MODIFY `id` smallint(5) UNSIGNED NOT NULL AUTO_INCREMENT;

--
-- AUTO_INCREMENT for table `points`
--
ALTER TABLE `points`
  MODIFY `id` smallint(5) UNSIGNED NOT NULL AUTO_INCREMENT;

--
-- AUTO_INCREMENT for table `ratings`
--
ALTER TABLE `ratings`
  MODIFY `id` mediumint(8) UNSIGNED NOT NULL AUTO_INCREMENT, AUTO_INCREMENT=1311;

--
-- AUTO_INCREMENT for table `teams`
--
ALTER TABLE `teams`
  MODIFY `id` tinyint(3) UNSIGNED NOT NULL AUTO_INCREMENT, AUTO_INCREMENT=13;

--
-- AUTO_INCREMENT for table `technicals`
--
ALTER TABLE `technicals`
  MODIFY `id` tinyint(3) UNSIGNED NOT NULL AUTO_INCREMENT, AUTO_INCREMENT=2;

--
-- AUTO_INCREMENT for table `technical_event`
--
ALTER TABLE `technical_event`
  MODIFY `id` tinyint(3) UNSIGNED NOT NULL AUTO_INCREMENT;

--
-- AUTO_INCREMENT for table `titles`
--
ALTER TABLE `titles`
  MODIFY `id` smallint(5) UNSIGNED NOT NULL AUTO_INCREMENT, AUTO_INCREMENT=73;

--
-- Constraints for dumped tables
--

--
-- Constraints for table `arrangements`
--
ALTER TABLE `arrangements`
  ADD CONSTRAINT `arrangements_ibfk_1` FOREIGN KEY (`team_id`) REFERENCES `teams` (`id`) ON DELETE CASCADE ON UPDATE CASCADE,
  ADD CONSTRAINT `arrangements_ibfk_2` FOREIGN KEY (`event_id`) REFERENCES `events` (`id`) ON DELETE CASCADE ON UPDATE CASCADE;

--
-- Constraints for table `categories`
--
ALTER TABLE `categories`
  ADD CONSTRAINT `categories_ibfk_1` FOREIGN KEY (`competition_id`) REFERENCES `competitions` (`id`) ON UPDATE CASCADE;

--
-- Constraints for table `criteria`
--
ALTER TABLE `criteria`
  ADD CONSTRAINT `criteria_ibfk_1` FOREIGN KEY (`event_id`) REFERENCES `events` (`id`) ON UPDATE CASCADE;

--
-- Constraints for table `deductions`
--
ALTER TABLE `deductions`
  ADD CONSTRAINT `deductions_ibfk_1` FOREIGN KEY (`event_id`) REFERENCES `events` (`id`) ON DELETE CASCADE ON UPDATE CASCADE,
  ADD CONSTRAINT `deductions_ibfk_2` FOREIGN KEY (`team_id`) REFERENCES `teams` (`id`) ON DELETE CASCADE ON UPDATE CASCADE,
  ADD CONSTRAINT `deductions_ibfk_3` FOREIGN KEY (`technical_id`) REFERENCES `technicals` (`id`) ON DELETE CASCADE ON UPDATE CASCADE;

--
-- Constraints for table `eliminations`
--
ALTER TABLE `eliminations`
  ADD CONSTRAINT `eliminations_ibfk_1` FOREIGN KEY (`event_id`) REFERENCES `events` (`id`) ON DELETE CASCADE ON UPDATE CASCADE,
  ADD CONSTRAINT `eliminations_ibfk_2` FOREIGN KEY (`team_id`) REFERENCES `teams` (`id`) ON DELETE CASCADE ON UPDATE CASCADE;

--
-- Constraints for table `events`
--
ALTER TABLE `events`
  ADD CONSTRAINT `events_ibfk_1` FOREIGN KEY (`category_id`) REFERENCES `categories` (`id`) ON UPDATE CASCADE;

--
-- Constraints for table `judge_event`
--
ALTER TABLE `judge_event`
  ADD CONSTRAINT `judge_event_ibfk_1` FOREIGN KEY (`judge_id`) REFERENCES `judges` (`id`) ON DELETE CASCADE ON UPDATE CASCADE,
  ADD CONSTRAINT `judge_event_ibfk_2` FOREIGN KEY (`event_id`) REFERENCES `events` (`id`) ON DELETE CASCADE ON UPDATE CASCADE,
  ADD CONSTRAINT `judge_event_ibfk_3` FOREIGN KEY (`active_team_id`) REFERENCES `teams` (`id`) ON DELETE NO ACTION ON UPDATE CASCADE;

--
-- Constraints for table `noshows`
--
ALTER TABLE `noshows`
  ADD CONSTRAINT `noshows_ibfk_1` FOREIGN KEY (`event_id`) REFERENCES `events` (`id`) ON DELETE CASCADE ON UPDATE CASCADE,
  ADD CONSTRAINT `noshows_ibfk_2` FOREIGN KEY (`team_id`) REFERENCES `teams` (`id`) ON DELETE CASCADE ON UPDATE CASCADE;

--
-- Constraints for table `participants`
--
ALTER TABLE `participants`
  ADD CONSTRAINT `participants_ibfk_1` FOREIGN KEY (`team_id`) REFERENCES `teams` (`id`) ON DELETE CASCADE ON UPDATE CASCADE,
  ADD CONSTRAINT `participants_ibfk_2` FOREIGN KEY (`event_id`) REFERENCES `events` (`id`) ON DELETE CASCADE ON UPDATE CASCADE;

--
-- Constraints for table `points`
--
ALTER TABLE `points`
  ADD CONSTRAINT `points_ibfk_1` FOREIGN KEY (`event_id`) REFERENCES `events` (`id`) ON DELETE CASCADE ON UPDATE CASCADE;

--
-- Constraints for table `ratings`
--
ALTER TABLE `ratings`
  ADD CONSTRAINT `ratings_ibfk_1` FOREIGN KEY (`criteria_id`) REFERENCES `criteria` (`id`) ON DELETE CASCADE ON UPDATE CASCADE,
  ADD CONSTRAINT `ratings_ibfk_2` FOREIGN KEY (`team_id`) REFERENCES `teams` (`id`) ON DELETE CASCADE ON UPDATE CASCADE,
  ADD CONSTRAINT `ratings_ibfk_3` FOREIGN KEY (`judge_id`) REFERENCES `judges` (`id`) ON DELETE CASCADE ON UPDATE CASCADE;

--
-- Constraints for table `technical_event`
--
ALTER TABLE `technical_event`
  ADD CONSTRAINT `technical_event_ibfk_2` FOREIGN KEY (`technical_id`) REFERENCES `technicals` (`id`) ON DELETE CASCADE ON UPDATE CASCADE,
  ADD CONSTRAINT `technical_event_ibfk_3` FOREIGN KEY (`event_id`) REFERENCES `events` (`id`) ON DELETE CASCADE ON UPDATE CASCADE,
  ADD CONSTRAINT `technical_event_ibfk_4` FOREIGN KEY (`active_team_id`) REFERENCES `teams` (`id`) ON DELETE NO ACTION ON UPDATE CASCADE;

--
-- Constraints for table `titles`
--
ALTER TABLE `titles`
  ADD CONSTRAINT `titles_ibfk_1` FOREIGN KEY (`event_id`) REFERENCES `events` (`id`) ON DELETE CASCADE ON UPDATE CASCADE;
COMMIT;

/*!40101 SET CHARACTER_SET_CLIENT=@OLD_CHARACTER_SET_CLIENT */;
/*!40101 SET CHARACTER_SET_RESULTS=@OLD_CHARACTER_SET_RESULTS */;
/*!40101 SET COLLATION_CONNECTION=@OLD_COLLATION_CONNECTION */;
